sample.name,included,order,plasmid,folder,backbone,backbone.alternate,backbone.alternate.2,biobrick,sort_order,strain.name,strain.name.alternate,strain.name.alternate.2,burden.measured,sequenced,sequencing.result,submitter,library.id,nanopore,illumina-R1,illumina-R2,,action,reassigned.biobrick,reassigned.strain,reassigned.biobrick.well,original.biobrick,original.strain,original.biobrick.well,prefix,suffix,backbone.status,backbone.mutations,biobrick.status,biobrick.mutations,best_blasts_correct_part,notes
BB3_1,TRUE,1,BB3,2019-04-26_iSeq/reads,pSB1C3,,,BBa_K325218,3,BB3,,,TRUE,TRUE,biobrick.minor.discrepancy,iGEM team,BB3,,BB3_S153_L001_R1_001.fastq.gz,BB3_S153_L001_R2_001.fastq.gz,,,,,,,,,RFC 10 (non-coding),RFC 10 (non-coding),CONFIRMED,,MINOR.DISCREPANCY,"3262 Δ1 bp, 3288 +31 bp",CONFIRMED,The discrepancy is between the pBAD promoter and the luciferase gene. It is unlikely to affect function and may have been there all along. This region is not covered by Sanger sequencing of the distribution kit.
BB5_1,TRUE,2,BB5,2019-04-26_iSeq/reads,pSB3C5,,,BBa_K731721,5,BB5,,,TRUE,FALSE,not.sequenced,iGEM team,BB5,,BB5_S154_L001_R1_001.fastq.gz,BB5_S154_L001_R2_001.fastq.gz,,Reassigned Backbone,,,,,,,RFC 10 (non-coding),RFC 10 (non-coding),DISCREPANCY,"650 C→T, 950 T→C, 1042 +G, 1215 C→T, 1729  Δ1 bp",CONFIRMED,,CONFIRMED,
BB6_1,TRUE,3,BB6,2019-04-26_iSeq/reads,pSB3C5,,,BBa_K731721,6,BB6,,,TRUE,FALSE,not.sequenced,iGEM team,BB6,,BB6_S155_L001_R1_001.fastq.gz,BB6_S155_L001_R2_001.fastq.gz,,Reassigned Backbone,,,,,,,RFC 10 (non-coding),RFC 10 (non-coding),DISCREPANCY,"650 C→T, 950 T→C, 1042 +G, 1215 C→T, 1729  Δ1 bp",CONFIRMED,,CONFIRMED,
BB7_1,TRUE,4,BB7,2019-04-26_iSeq/reads,pSB1C3,,,BBa_K584003,7,BB7,,,TRUE,FALSE,not.sequenced,iGEM team,BB7,,BB7_S156_L001_R1_001.fastq.gz,BB7_S156_L001_R2_001.fastq.gz,,Reassigned BioBrick,BBa_K584003,NA,"Plate 1, 13G",BBa_K861173,BB7,"Plate 1, 13H",RFC 10 (non-coding),RFC 10 (non-coding),CONFIRMED,,CONFIRMED,,CONFIRMED,
BB7_N,TRUE,620,BB7,2023-03-13_Plasmidsaurus_iGEM2019/Dwenger_n2d_raw_reads,pSB1C3,,,BBa_K584003,7,BB7,,,TRUE,FALSE,not.sequenced,"Jeff Barrick, Jack Dwnger",BB7-N,Dwenger_n2d_1_7.fastq.gz,,,,Reassigned BioBrick,BBa_K584003,NA,"Plate 1, 13G",BBa_K861173,BB7,"Plate 1, 13H",RFC 10 (non-coding),RFC 10 (non-coding),CONFIRMED,,CONFIRMED,,,
BB8_1,TRUE,5,BB8,2019-04-26_iSeq/reads,pSB1C3,,,BBa_K584003,8,BB8,,,TRUE,FALSE,not.sequenced,iGEM team,BB8,,BB8_S157_L001_R1_001.fastq.gz,BB8_S157_L001_R2_001.fastq.gz,,Reassigned BioBrick,BBa_K584003,NA,"Plate 1, 13G",BBa_K861173,BB8,"Plate 1, 13H",RFC 10 (non-coding),RFC 10 (non-coding),CONFIRMED,,CONFIRMED,,CONFIRMED,
BB19_1,TRUE,76,"Plate 4, 5A",2019-05-11_iSeq/reads,pSB1C3,,,BBa_K137018,19,BB19,,,TRUE,TRUE,biobrick.minor.discrepancy,Diya Bhat,D4 - 2,,D4-2_S218_L001_R1_001.fastq.gz,D4-2_S218_L001_R2_001.fastq.gz,,,,,,,,,RFC 10 (non-coding),RFC 10 (non-coding),CONFIRMED,,CONFIRMED,,CONFIRMED,
BB21_1,TRUE,6,BB21,2019-04-26_iSeq/reads,pSB1C3,,,BBa_K314110,21,BB21,,,TRUE,TRUE,biobrick.confirmed,iGEM team,BB21,,BB21_S158_L001_R1_001.fastq.gz,BB21_S158_L001_R2_001.fastq.gz,,,,,,,,,RFC 10 (non-coding),RFC 10 (non-coding),CONFIRMED,,CONFIRMED,,CONFIRMED,
BB22_1,TRUE,7,BB22,2019-04-26_iSeq/reads,pSB1C3,,,BBa_K731722,22,BB22,,,TRUE,TRUE,biobrick.confirmed,iGEM team,BB22,,BB22_S159_L001_R1_001.fastq.gz,BB22_S159_L001_R2_001.fastq.gz,,,,,,,,,RFC 10 (non-coding),RFC 10 (non-coding),CONFIRMED,,CONFIRMED,,TOO SHORT TO MATCH,
BB23_1,TRUE,8,BB23,2019-04-26_iSeq/reads,pSB1C3,,,BBa_K398326,23,BB23,,,TRUE,TRUE,biobrick.confirmed,iGEM team,BB23,,BB23_S160_L001_R1_001.fastq.gz,BB23_S160_L001_R2_001.fastq.gz,,,,,,,,,RFC 10 (non-coding),RFC 10 (non-coding),CONFIRMED,,CONFIRMED,,CONFIRMED,
BB24_1,TRUE,9,BB24,2019-04-26_iSeq/reads,pSB1C3,,,BBa_K398331,24,BB24,,,TRUE,TRUE,biobrick.confirmed,iGEM team,BB24,,BB24_S161_L001_R1_001.fastq.gz,BB24_S161_L001_R2_001.fastq.gz,,,,,,,,,RFC 10 (non-coding),RFC 10 (non-coding),CONFIRMED,,CONFIRMED,,CONFIRMED,
BB25_1,TRUE,10,BB25,2019-04-26_iSeq/reads,pSB1C3,,,BBa_K808025,25,BB25,,,TRUE,TRUE,biobrick.confirmed,iGEM team,BB25,,BB25_S162_L001_R1_001.fastq.gz,BB25_S162_L001_R2_001.fastq.gz,,,,,,,,,RFC 10 (protein-coding),RFC 10 (protein-coding),CONFIRMED,,CONFIRMED,,CONFIRMED,
BB28_1,TRUE,13,BB28,2019-04-26_iSeq/reads,pSB1C3,,,BBa_K808003,28,BB28,,,TRUE,TRUE,biobrick.confirmed,iGEM team,BB28,,BB28_S165_L001_R1_001.fastq.gz,BB28_S165_L001_R2_001.fastq.gz,,,,,,,,,RFC 10 (protein-coding),RFC 10 (protein-coding),CONFIRMED,,CONFIRMED,,CONFIRMED,
BB40_1,TRUE,24,BB40,2019-04-26_iSeq/reads,pSB1C3,,,BBa_K648029,40,BB40,,,TRUE,TRUE,biobrick.confirmed,iGEM team,BB40,,BB40_S176_L001_R1_001.fastq.gz,BB40_S176_L001_R2_001.fastq.gz,,,,,,,,,RFC 10 (non-coding),RFC 10 (non-coding),DISCREPANCY,"118 G→A, 2028 4 bp→GAA",CONFIRMED,,CONFIRMED,
BB47_1,TRUE,30,BB47,2019-04-26_iSeq/reads,pSB1C3,,,BBa_K325903,47,BB47,,,TRUE,TRUE,biobrick.confirmed,iGEM team,BB47,,BB47_S182_L001_R1_001.fastq.gz,BB47_S182_L001_R2_001.fastq.gz,,,,,,,,,RFC 10 (non-coding),RFC 10 (non-coding),CONFIRMED,,CONFIRMED,,CONFIRMED,
BB54_1,TRUE,36,BB54,2019-04-26_iSeq/reads,pSB1C3,,,BBa_K316003,54,BB54,,,TRUE,TRUE,biobrick.confirmed,iGEM team,BB54,,BB54_S188_L001_R1_001.fastq.gz,BB54_S188_L001_R2_001.fastq.gz,,,,,,,,,RFC 10 (non-coding),RFC 10 (non-coding),DISCREPANCY,34 G→AC,CONFIRMED,,CONFIRMED,
BB55_1,TRUE,37,BB55,2019-04-26_iSeq/reads,pSB1C3,,,BBa_K823017,55,BB55,,,TRUE,TRUE,biobrick.confirmed,iGEM team,BB55,,BB55_S189_L001_R1_001.fastq.gz,BB55_S189_L001_R2_001.fastq.gz,,,,,,,,,RFC 10 (non-coding),RFC 10 (non-coding),CONFIRMED,,CONFIRMED,,CONFIRMED,
BB56_1,TRUE,38,BB56,2019-04-26_iSeq/reads,pSB1C3,,,BBa_K523000,56,BB56,,,TRUE,TRUE,biobrick.confirmed,iGEM team,BB56,,BB56_S190_L001_R1_001.fastq.gz,BB56_S190_L001_R2_001.fastq.gz,,,,,,,,,RFC 10 (non-coding),RFC 10 (non-coding),CONFIRMED,,CONFIRMED,,CONFIRMED,
BB57_1,TRUE,39,BB57,2019-04-26_iSeq/reads,pSB1C3,,,BBa_K817018,57,BB57,,,TRUE,TRUE,biobrick.confirmed,iGEM team,BB57,,BB57_S191_L001_R1_001.fastq.gz,BB57_S191_L001_R2_001.fastq.gz,,,,,,,,,RFC 10 (non-coding),RFC 10 (non-coding),CONFIRMED,,CONFIRMED,,CONFIRMED,
BB58_1,TRUE,40,BB58,2019-04-26_iSeq/reads,pSB1C3,,,BBa_K538104,58,BB58,,,TRUE,TRUE,biobrick.confirmed,iGEM team,BB58,,BB58_S192_L001_R1_001.fastq.gz,BB58_S192_L001_R2_001.fastq.gz,,,,,,,,,RFC 10 (non-coding),RFC 10 (non-coding),CONFIRMED,,CONFIRMED,,CONFIRMED,
BB59_1,TRUE,41,BB59,2019-04-26_iSeq/reads,pSB1C3,,,BBa_K873002,59,BB59,,,TRUE,TRUE,biobrick.confirmed,iGEM team,BB59,,BB59_S193_L001_R1_001.fastq.gz,BB59_S193_L001_R2_001.fastq.gz,,,,,,,,,RFC 10 (non-coding),RFC 10 (non-coding),CONFIRMED,,CONFIRMED,,CONFIRMED,
BB60_1,TRUE,42,BB60,2019-04-26_iSeq/reads,pSB1C3,,,BBa_K538004,60,BB60,,,TRUE,TRUE,biobrick.confirmed,iGEM team,BB60,,BB60_S194_L001_R1_001.fastq.gz,BB60_S194_L001_R2_001.fastq.gz,,,,,,,,,RFC 10 (protein-coding),RFC 10 (protein-coding),CONFIRMED,,CONFIRMED,,CONFIRMED,
BB61_1,TRUE,43,BB61,2019-04-26_iSeq/reads,pSB1C3,,,BBa_S05060,61,BB61,,,TRUE,TRUE,biobrick.confirmed,iGEM team,BB61,,BB61_S195_L001_R1_001.fastq.gz,BB61_S195_L001_R2_001.fastq.gz,,,,,,,,,RFC 10 (protein-coding),RFC 10 (protein-coding),CONFIRMED,,CONFIRMED,,CONFIRMED,
BB62_1,TRUE,44,BB62,2019-04-26_iSeq/reads,pSB1C3,,,BBa_K538000,62,BB62,,,TRUE,TRUE,biobrick.confirmed,iGEM team,BB62,,BB62_S196_L001_R1_001.fastq.gz,BB62_S196_L001_R2_001.fastq.gz,,,,,,,,,RFC 10 (protein-coding),RFC 10 (protein-coding),CONFIRMED,,CONFIRMED,,CONFIRMED,
BB63_1,TRUE,77,BB63,2019-05-11_iSeq/reads,pSB1C3,,,BBa_K774001,63,BB63,,,TRUE,TRUE,biobrick.confirmed,Diya Bhat,D4 - 3,,D4-3_S219_L001_R1_001.fastq.gz,D4-3_S219_L001_R2_001.fastq.gz,,,,,,,,,RFC 10 (non-coding),RFC 10 (non-coding),CONFIRMED,,CONFIRMED,,CONFIRMED,
BB64_1,TRUE,45,BB64,2019-04-26_iSeq/reads,pSB1C3,,,BBa_K525998,64,BB64,,,TRUE,TRUE,biobrick.confirmed,iGEM team,BB64,,BB64_S197_L001_R1_001.fastq.gz,BB64_S197_L001_R2_001.fastq.gz,,,,,,,,,RFC 10 (non-coding),RFC 10 (non-coding),CONFIRMED,,CONFIRMED,,CONFIRMED,
BB65_1,TRUE,46,BB65,2019-04-26_iSeq/reads,pSB1C3,,,BBa_K748002,65,BB65,,,TRUE,TRUE,biobrick.confirmed,iGEM team,BB65,,BB65_S198_L001_R1_001.fastq.gz,BB65_S198_L001_R2_001.fastq.gz,,,,,,,,,RFC 10 (protein-coding),RFC 10 (protein-coding),CONFIRMED,,CONFIRMED,,CONFIRMED,
BB66_1,TRUE,47,BB66,2019-04-26_iSeq/reads,pSB1C3,,,BBa_K608002,66,BB66,,,TRUE,TRUE,biobrick.confirmed,iGEM team,BB66,,BB66_S199_L001_R1_001.fastq.gz,BB66_S199_L001_R2_001.fastq.gz,,,,,,,,,RFC 10 (non-coding),RFC 10 (non-coding),CONFIRMED,,CONFIRMED,,CONFIRMED,
BB72_1,TRUE,71,"Plate 4, 1C",2019-05-11_iSeq/reads,pSB1C3,,,BBa_K145001,72,BB72,,,TRUE,TRUE,biobrick.confirmed,Diya Bhat,D3 - 5,,D3-5_S213_L001_R1_001.fastq.gz,D3-5_S213_L001_R2_001.fastq.gz,,,,,,,,,RFC 10 (protein-coding),RFC 10 (protein-coding),CONFIRMED,,CONFIRMED,,CONFIRMED,
BB73_1,TRUE,72,"Plate 4, 2C",2019-05-11_iSeq/reads,pSB1C3,,,BBa_K525306,73,BB73,,,TRUE,TRUE,biobrick.confirmed,Diya Bhat,D3 - 6,,D3-6_S214_L001_R1_001.fastq.gz,D3-6_S214_L001_R2_001.fastq.gz,,,,,,,,,RFC 10 (non-coding),RFC 10 (non-coding),CONFIRMED,,CONFIRMED,,CONFIRMED,
BB75_1,TRUE,73,"Plate 4, 2G",2019-05-11_iSeq/reads,pSB1C3,,,BBa_K525406,75,BB75,,,TRUE,TRUE,biobrick.confirmed,Diya Bhat,D3 - 7,,D3-7_S215_L001_R1_001.fastq.gz,D3-7_S215_L001_R2_001.fastq.gz,,,,,,,,,RFC 10 (non-coding),RFC 10 (non-coding),CONFIRMED,,CONFIRMED,,CONFIRMED,
BB79_1,TRUE,52,BBa_J23119,2019-05-11_iSeq/reads,pSB1A2,pSB1C3,,BBa_J23119,79,BB79,BB590,,TRUE,FALSE,not.sequenced,Diya Bhat,D1 - 2,,D1-2_S194_L001_R1_001.fastq.gz,D1-2_S194_L001_R2_001.fastq.gz,,,,,,,,,RFC 10 (non-coding),RFC 10 (non-coding),DISCREPANCY,"204 T→C, 639 G→A",CONFIRMED,,CONFIRMED,
BB81_1,TRUE,74,"Plate 4, 2I",2019-05-11_iSeq/reads,pSB1C3,,,BBa_K592011,81,BB81,,,TRUE,TRUE,biobrick.confirmed,Diya Bhat,D3 - 8,,D3-8_S216_L001_R1_001.fastq.gz,D3-8_S216_L001_R2_001.fastq.gz,,,,,,,,,RFC 10 (protein-coding),RFC 10 (protein-coding),CONFIRMED,,,,CONFIRMED,
BB85_1,TRUE,79,BB85,2019-05-11_iSeq/reads,pSB1C3,,,BBa_K346000,85,BB85,,,TRUE,TRUE,biobrick.confirmed,Diya Bhat,D4 - 5,,D4-5_S221_L001_R1_001.fastq.gz,D4-5_S221_L001_R2_001.fastq.gz,,,,,,,,,RFC 10 (non-coding),RFC 10 (non-coding),CONFIRMED,,CONFIRMED,,CONFIRMED,
BB86_1,TRUE,80,BB86,2019-05-11_iSeq/reads,pSB1C3,,,BBa_K575008,86,BB86,,,TRUE,TRUE,biobrick.confirmed,Diya Bhat,D4 - 6,,D4-6_S222_L001_R1_001.fastq.gz,D4-6_S222_L001_R2_001.fastq.gz,,,,,,,,,RFC 10 (non-coding),RFC 10 (non-coding),CONFIRMED,,CONFIRMED,,CONFIRMED,
BB87_1,TRUE,81,BB87,2019-05-11_iSeq/reads,pSB1C3,,,BBa_K395602,87,BB87,,,TRUE,TRUE,biobrick.confirmed,Diya Bhat,D4 - 7,,D4-7_S223_L001_R1_001.fastq.gz,D4-7_S223_L001_R2_001.fastq.gz,,,,,,,,,RFC 10 (non-coding),RFC 10 (non-coding),CONFIRMED,,CONFIRMED,,CONFIRMED,
BB89_1,TRUE,82,BB89,2019-05-11_iSeq/reads,pSB1C3,,,BBa_K575009,89,BB89,,,TRUE,TRUE,biobrick.confirmed,Diya Bhat,D4 - 8,,D4-8_S224_L001_R1_001.fastq.gz,D4-8_S224_L001_R2_001.fastq.gz,,,,,,,,,RFC 10 (non-coding),RFC 10 (non-coding),CONFIRMED,,CONFIRMED,,CONFIRMED,
BB105_1,TRUE,53,BBa_J23100,2019-05-11_iSeq/reads,BBa_J61002,,,BBa_J23100,105,BB105,,,FALSE,NA,NA,Diya Bhat,D1 - 3,,D1-3_S195_L001_R1_001.fastq.gz,D1-3_S195_L001_R2_001.fastq.gz,,,,,,,,,Anderson Promoter Series,Anderson Promoter Series,DISCREPANCY,"1047 T→C, 1482 G→A, 2915 A→T",CONFIRMED,,CONFIRMED,
BB106_1,TRUE,54,BBa_J23101,2019-05-11_iSeq/reads,BBa_J61002,,,BBa_J23101,106,BB106,,,FALSE,NA,NA,Diya Bhat,D1 - 4,,D1-4_S196_L001_R1_001.fastq.gz,D1-4_S196_L001_R2_001.fastq.gz,,,,,,,,,Anderson Promoter Series,Anderson Promoter Series,DISCREPANCY,"1047 T→C, 1482 G→A, 2915 A→T",CONFIRMED,,CONFIRMED,
BB107_1,TRUE,55,BBa_J23102,2019-05-11_iSeq/reads,BBa_J61002,,,BBa_J23102,107,BB107,,,FALSE,NA,NA,Diya Bhat,D1 - 5,,D1-5_S197_L001_R1_001.fastq.gz,D1-5_S197_L001_R2_001.fastq.gz,,,,,,,,,Anderson Promoter Series,Anderson Promoter Series,DISCREPANCY,"1047 T→C, 1482 G→A, 2915 A→T",CONFIRMED,,CONFIRMED,
BB108_1,TRUE,56,BBa_J23103,2019-05-11_iSeq/reads,BBa_J61002,,,BBa_J23103,108,BB108,,,FALSE,NA,NA,Diya Bhat,D1 - 6,,D1-6_S198_L001_R1_001.fastq.gz,D1-6_S198_L001_R2_001.fastq.gz,,,,,,,,,Anderson Promoter Series,Anderson Promoter Series,DISCREPANCY,"1047 T→C, 1482 G→A, 2915 A→T",CONFIRMED,,CONFIRMED,
BB109_1,TRUE,57,BBa_J23104,2019-05-11_iSeq/reads,BBa_J61002,,,BBa_J23104,109,BB109,,,FALSE,NA,NA,Diya Bhat,D1 - 7,,D1-7_S199_L001_R1_001.fastq.gz,D1-7_S199_L001_R2_001.fastq.gz,,,,,,,,,Anderson Promoter Series,Anderson Promoter Series,DISCREPANCY,"1047 T→C, 1482 G→A, 2915 A→T",CONFIRMED,,CONFIRMED,
BB110_1,TRUE,58,BBa_J23105,2019-05-11_iSeq/reads,BBa_J61002,,,BBa_J23105,110,BB110,,,FALSE,NA,NA,Diya Bhat,D1 - 8,,D1-8_S200_L001_R1_001.fastq.gz,D1-8_S200_L001_R2_001.fastq.gz,,,,,,,,,Anderson Promoter Series,Anderson Promoter Series,DISCREPANCY,"1047 T→C, 1482 G→A, 2915 A→T",CONFIRMED,,CONFIRMED,
BB110_2,TRUE,125,BBa_J23105,2019-08-07_iSeq/reads,BBa_J61002,,,BBa_J23105,110,BB110,,,FALSE,NA,NA,Diya Bhat,D3-7,,D3-7_S23_L001_R1_001.fastq.gz,D3-7_S23_L001_R2_001.fastq.gz,,,,,,,,,Anderson Promoter Series,Anderson Promoter Series,DISCREPANCY,"1047 T→C, 1482 G→A, 2915 A→T",CONFIRMED,,,
BB110_3,TRUE,357,BBa_J23105,2019-08-22_iSeq/reads,BBa_J61002,,,BBa_J23105,110,BB110,,,FALSE,NA,NA,Diya Bhat,D3-7,,D3-7_S23_L001_R1_001.fastq.gz,D3-7_S23_L001_R2_001.fastq.gz,,,,,,,,,Anderson Promoter Series,Anderson Promoter Series,DISCREPANCY,"1047 T→C, 1482 G→A, 2915 A→T",CONFIRMED,,,
BB111_1,TRUE,126,BBa_J23106,2019-08-07_iSeq/reads,BBa_J61002,,,BBa_J23106,111,BB111,,,FALSE,NA,NA,Diya Bhat,D3-8,,D3-8_S24_L001_R1_001.fastq.gz,D3-8_S24_L001_R2_001.fastq.gz,,,,,,,,,Anderson Promoter Series,Anderson Promoter Series,DISCREPANCY,"1047 T→C, 1482 G→A, 2915 A→T",CONFIRMED,,,
BB111_2,TRUE,358,BBa_J23106,2019-08-22_iSeq/reads,BBa_J61002,,,BBa_J23106,111,BB111,,,FALSE,NA,NA,Diya Bhat,D3-8,,D3-8_S24_L001_R1_001.fastq.gz,D3-8_S24_L001_R2_001.fastq.gz,,,,,,,,,Anderson Promoter Series,Anderson Promoter Series,DISCREPANCY,"1047 T→C, 1482 G→A, 2915 A→T",CONFIRMED,,,
BB112_1,TRUE,60,BBa_J23107,2019-05-11_iSeq/reads,BBa_J61002,,,BBa_J23107,112,BB112,,,FALSE,NA,NA,Diya Bhat,D2 - 2,,D2-2_S202_L001_R1_001.fastq.gz,D2-2_S202_L001_R2_001.fastq.gz,,,,,,,,,Anderson Promoter Series,Anderson Promoter Series,DISCREPANCY,"1047 T→C, 1482 G→A, 2915 A→T",MINOR.DISCREPANCY,2939 C→T,CONFIRMED,"Appears to have an actual mutation and not be another Anderson series Promoter, perhaps misassigned in BioBrick database?"
BB113_1,TRUE,61,BBa_J23110,2019-05-11_iSeq/reads,BBa_J61002,,,BBa_J23110,113,BB113,,,FALSE,NA,NA,Diya Bhat,D2 - 3,,D2-3_S203_L001_R1_001.fastq.gz,D2-3_S203_L001_R2_001.fastq.gz,,,,,,,,,Anderson Promoter Series,Anderson Promoter Series,DISCREPANCY,"1047 T→C, 1482 G→A, 2915 A→T",CONFIRMED,,CONFIRMED,Appears to be a mixture that is 30% a different Anderson series promoter (J23112) - two samples mixed during sequencing
BB114_1,TRUE,62,BBa_J23112,2019-05-11_iSeq/reads,BBa_J61002,,,BBa_J23112,114,BB114,,,FALSE,NA,NA,Diya Bhat,D2 - 4,,D2-4_S204_L001_R1_001.fastq.gz,D2-4_S204_L001_R2_001.fastq.gz,,,,,,,,,Anderson Promoter Series,Anderson Promoter Series,DISCREPANCY,"1047 T→C, 1482 G→A, 2915 A→T",CONFIRMED,,CONFIRMED,Appears to be a mixture that is 70% a different Anderson series promoter (J23110) - two samples mixed during sequencing
BB119_1,TRUE,417,BBa_B0030,2019-08-22_iSeq/reads,pSB1C3,,,BBa_B0030,119,BB119,,,TRUE,TRUE,biobrick.minor.discrepancy,Noor Radde,R6-3,,R6-3_S83_L001_R1_001.fastq.gz,R6-3_S83_L001_R2_001.fastq.gz,,,,,,,,,RFC 10 (non-coding),RFC 1000 (5'UTR),DISCREPANCY,791 C→A,CONFIRMED,,TOO SHORT TO MATCH,
BB120_1,TRUE,418,BBa_K1188002,2019-08-22_iSeq/reads,pSB1C3,,,BBa_K1188002,120,BB120,,,TRUE,TRUE,biobrick.confirmed,Noor Radde,R6-4,,R6-4_S84_L001_R1_001.fastq.gz,R6-4_S84_L001_R2_001.fastq.gz,,,,,,,,,RFC 10 (protein-coding),RFC 10 (protein-coding),CONFIRMED,,CONFIRMED,,CONFIRMED,
BB121_1,TRUE,70,BBa_K1218003,2019-05-11_iSeq/reads,pSB1C3,,,BBa_K1218003,121,BB121,,,TRUE,FALSE,not.sequenced,Diya Bhat,D3 - 4,,D3-4_S212_L001_R1_001.fastq.gz,D3-4_S212_L001_R2_001.fastq.gz,,,,,,,,,RFC 10 (protein-coding),RFC 10 (protein-coding),CONFIRMED,,CONFIRMED,,CONFIRMED,
BB121_2,TRUE,419,BBa_K1218003,2019-08-22_iSeq/reads,pSB1C3,,,BBa_K1218003,121,BB121,,,TRUE,FALSE,not.sequenced,Noor Radde,R6-5,,R6-5_S85_L001_R1_001.fastq.gz,R6-5_S85_L001_R2_001.fastq.gz,,,,,,,,,RFC 10 (protein-coding),RFC 10 (protein-coding),CONFIRMED,,CONFIRMED,,CONFIRMED,
BB127_1,TRUE,63,BBa_J23113,2019-05-11_iSeq/reads,BBa_J61002,,,BBa_J23113,127,BB127,,,FALSE,NA,NA,Diya Bhat,D2 - 5,,D2-5_S205_L001_R1_001.fastq.gz,D2-5_S205_L001_R2_001.fastq.gz,,,,,,,,,Anderson Promoter Series,Anderson Promoter Series,DISCREPANCY,"1047 T→C, 1482 G→A, 2915 A→T",CONFIRMED,,CONFIRMED,
BB128_1,TRUE,64,BBa_J23114,2019-05-11_iSeq/reads,BBa_J61002,,,BBa_J23114,128,BB128,,,FALSE,NA,NA,Diya Bhat,D2 - 6,,D2-6_S206_L001_R1_001.fastq.gz,D2-6_S206_L001_R2_001.fastq.gz,,,,,,,,,Anderson Promoter Series,Anderson Promoter Series,DISCREPANCY,"1047 T→C, 1482 G→A, 2915 A→T",CONFIRMED,,CONFIRMED,
BB129_1,TRUE,65,BBa_J23115,2019-05-11_iSeq/reads,BBa_J61002,,,BBa_J23115,129,BB129,,,FALSE,NA,NA,Diya Bhat,D2 - 7,,D2-7_S207_L001_R1_001.fastq.gz,D2-7_S207_L001_R2_001.fastq.gz,,,,,,,,,Anderson Promoter Series,Anderson Promoter Series,DISCREPANCY,"1047 T→C, 1482 G→A, 2915 A→T",MINOR.DISCREPANCY,"2939 C→T, 2943 T→A",CONFIRMED,"Appears to have two actuals mutations and not be another Anderson Series Promoter, perhaps an error in the BioBrick database?"
BB130_1,TRUE,66,BBa_J23116,2019-05-11_iSeq/reads,BBa_J61002,,,BBa_J23116,130,BB130,,,FALSE,NA,NA,Diya Bhat,D2 - 8,,D2-8_S208_L001_R1_001.fastq.gz,D2-8_S208_L001_R2_001.fastq.gz,,,,,,,,,Anderson Promoter Series,Anderson Promoter Series,DISCREPANCY,"1047 T→C, 1482 G→A, 2915 A→T",CONFIRMED,,CONFIRMED,
BB131_1,TRUE,67,BBa_J23118,2019-05-11_iSeq/reads,BBa_J61002,,,BBa_J23118,131,BB131,,,FALSE,NA,NA,Diya Bhat,D3 - 1,,D3-1_S209_L001_R1_001.fastq.gz,D3-1_S209_L001_R2_001.fastq.gz,,,,,,,,,Anderson Promoter Series,Anderson Promoter Series,DISCREPANCY,"1047 T→C, 1482 G→A, 2915 A→T",CONFIRMED,,CONFIRMED,
BB133_1,TRUE,69,BBa_I13500,2019-05-11_iSeq/reads,pSB1A2,,,BBa_I13500,133,BB133,,,TRUE,TRUE,biobrick.confirmed,Diya Bhat,D3 - 3,,D3-3_S211_L001_R1_001.fastq.gz,D3-3_S211_L001_R2_001.fastq.gz,,,,,,,,,RFC 10 (non-coding),RFC 10 (non-coding),DISCREPANCY,"204 T→C, 639 G→A",CONFIRMED,,CONFIRMED,
BB134_1,TRUE,88,BB134,2019-05-11_iSeq/reads,pSB1C3,,,BBa_K608003,134,BB134,,,TRUE,TRUE,biobrick.confirmed,Diya Bhat,D5 - 6,,D5-6_S230_L001_R1_001.fastq.gz,D5-6_S230_L001_R2_001.fastq.gz,,,,,,,,,RFC 10 (non-coding),RFC 10 (non-coding),DISCREPANCY,2019 (A)8→7,CONFIRMED,,CONFIRMED,
BB136_1,TRUE,89,BB136,2019-05-11_iSeq/reads,pSB1C3,,,BBa_K608004,136,BB136,,,TRUE,TRUE,biobrick.confirmed,Diya Bhat,D5 - 7,,D5-7_S231_L001_R1_001.fastq.gz,D5-7_S231_L001_R2_001.fastq.gz,,,,,,,,,RFC 10 (non-coding),RFC 10 (non-coding),DISCREPANCY,"107 C→T, 736 T→C, 1288 T→C",CONFIRMED,,CONFIRMED,
BB136_2,TRUE,401,BBa_K608004,2019-08-22_iSeq/reads,pSB1C3,,,BBa_K608004,136,BB136,,,TRUE,TRUE,biobrick.confirmed,Noor Radde,R4-3,,R4-3_S67_L001_R1_001.fastq.gz,R4-3_S67_L001_R2_001.fastq.gz,,,,,,,,,RFC 10 (non-coding),RFC 10 (non-coding),DISCREPANCY,"107 C→T, 736 T→C, 1288 T→C",CONFIRMED,,CONFIRMED,
BB137_1,TRUE,90,BB137,2019-05-11_iSeq/reads,pSB1C3,,,BBa_K819017,137,BB137,,,TRUE,TRUE,biobrick.confirmed,Diya Bhat,D5 - 8,,D5-8_S232_L001_R1_001.fastq.gz,D5-8_S232_L001_R2_001.fastq.gz,,,,,,,,,RFC 10 (non-coding),RFC 10 (non-coding),CONFIRMED,,CONFIRMED,,CONFIRMED,
BB137_2,TRUE,402,BBa_K819017,2019-08-22_iSeq/reads,pSB1C3,,,BBa_K819017,137,BB137,,,TRUE,TRUE,biobrick.confirmed,Noor Radde,R4-4,,R4-4_S68_L001_R1_001.fastq.gz,R4-4_S68_L001_R2_001.fastq.gz,,,,,,,,,RFC 10 (non-coding),RFC 10 (non-coding),CONFIRMED,,CONFIRMED,,CONFIRMED,
BB138_1,TRUE,403,BBa_K608006,2019-08-22_iSeq/reads,pSB1C3,,,BBa_K608006,138,BB138,,,TRUE,TRUE,biobrick.confirmed,Noor Radde,R4-5,,R4-5_S69_L001_R1_001.fastq.gz,R4-5_S69_L001_R2_001.fastq.gz,,,,,,,,,RFC 10 (non-coding),RFC 10 (non-coding),DISCREPANCY,1633 G→A,CONFIRMED,,CONFIRMED,
BB139_N,TRUE,629,BB139,2023-03-13_Plasmidsaurus_iGEM2019/Dwenger_n2d_raw_reads,pSB1AK3,,,BBa_C0056,139,BB139,,,TRUE,FALSE,not.sequenced,"Jeff Barrick, Jack Dwnger",BB139-N,Dwenger_n2d_3_139.fastq.gz,,,,Updated backbone,,,,,,,RFC 10 (protein-coding),RFC 10 (protein-coding),DISCREPANCY,"35 Δ1 bp, 282 T→C, 717 G→A",CONFIRMED,,CONFIRMED,
BB144_1,TRUE,91,BB144,2019-05-11_iSeq/reads,pSB1C3,,,BBa_J52022,144,BB144,,,TRUE,TRUE,biobrick.minor.discrepancy,Shireen Shah,S1 - 1,,S1-1_S233_L001_R1_001.fastq.gz,S1-1_S233_L001_R2_001.fastq.gz,,,,,,,,,RFC 23,RFC 23,CONFIRMED,,MINOR.DISCREPANCY,"2885 Δ1 bp, 2891 +A",CONFIRMED,
BB144_2,TRUE,404,BBa_J52022,2019-08-22_iSeq/reads,pSB1C3,,,BBa_J52022,144,BB144,,,TRUE,TRUE,biobrick.minor.discrepancy,Noor Radde,R4-6,,R4-6_S70_L001_R1_001.fastq.gz,R4-6_S70_L001_R2_001.fastq.gz,,,,,,,,,RFC 23,RFC 23,CONFIRMED,,MINOR.DISCREPANCY,"2885 Δ1 bp, 2891 +A",CONFIRMED,
BB145_1,TRUE,92,BB145,2019-05-11_iSeq/reads,pSB1C3,,,BBa_J52040,145,BB145,,,TRUE,TRUE,biobrick.minor.discrepancy,Shireen Shah,S1 - 2,,S1-2_S234_L001_R1_001.fastq.gz,S1-2_S234_L001_R2_001.fastq.gz,,,,,,,,,RFC 23,RFC 23,CONFIRMED,,MINOR.DISCREPANCY,"2885 Δ1 bp, 2891 +A",CONFIRMED,
BB145_2,TRUE,405,BBa_J52040,2019-08-22_iSeq/reads,pSB1C3,,,BBa_J52040,145,BB145,,,TRUE,TRUE,biobrick.minor.discrepancy,Noor Radde,R4-7,,R4-7_S71_L001_R1_001.fastq.gz,R4-7_S71_L001_R2_001.fastq.gz,,,,,,,,,RFC 23,RFC 23,CONFIRMED,,MINOR.DISCREPANCY,"2885 Δ1 bp, 2891 +A",CONFIRMED,
BB146_1,TRUE,93,BB146,2019-05-11_iSeq/reads,pSB1C3,,,BBa_J45219,146,BB146,,,TRUE,TRUE,biobrick.confirmed,Shireen Shah,S1 - 3,,S1-3_S235_L001_R1_001.fastq.gz,S1-3_S235_L001_R2_001.fastq.gz,,,,,,,,,RFC 10 (non-coding),RFC 10 (non-coding),CONFIRMED,,CONFIRMED,,CONFIRMED,
BB146_2,TRUE,406,BBa_J45219,2019-08-22_iSeq/reads,pSB1C3,,,BBa_J45219,146,BB146,,,TRUE,TRUE,biobrick.confirmed,Noor Radde,R4-8,,R4-8_S72_L001_R1_001.fastq.gz,R4-8_S72_L001_R2_001.fastq.gz,,,,,,,,,RFC 10 (non-coding),RFC 10 (non-coding),CONFIRMED,,CONFIRMED,,CONFIRMED,
BB147_1,TRUE,94,BB147,2019-05-11_iSeq/reads,pSB1C3,,,BBa_J45299,147,BB147,,,TRUE,TRUE,biobrick.confirmed,Shireen Shah,S1 - 4,,S1-4_S236_L001_R1_001.fastq.gz,S1-4_S236_L001_R2_001.fastq.gz,,,,,,,,,RFC 10 (non-coding),RFC 10 (non-coding),CONFIRMED,,,,,
BB147_2,TRUE,407,BBa_J45299,2019-08-22_iSeq/reads,pSB1C3,,,BBa_J45299,147,BB147,,,TRUE,TRUE,biobrick.confirmed,Noor Radde,R5-1,,R5-1_S73_L001_R1_001.fastq.gz,R5-1_S73_L001_R2_001.fastq.gz,,,,,,,,,RFC 10 (non-coding),RFC 10 (non-coding),CONFIRMED,,CONFIRMED,,CONFIRMED,
BB147_3,TRUE,175,BBa_J45299,2019-08-07_iSeq/reads,pSB1C3,,,BBa_J45299,147,BB147,,,TRUE,TRUE,biobrick.confirmed,Noor Radde,R5-1,,R5-1_S73_L001_R1_001.fastq.gz,R5-1_S73_L001_R2_001.fastq.gz,,,,,,,,,,,,,CONFIRMED,,CONFIRMED,
BB148_1,TRUE,95,BB148,2019-05-11_iSeq/reads,pSB1C3,,,BBa_I732920,148,BB148,,,TRUE,TRUE,biobrick.major.discrepancy,Shireen Shah,S1 - 5,,S1-5_S237_L001_R1_001.fastq.gz,S1-5_S237_L001_R2_001.fastq.gz,,,,,,,,,RFC 10 (non-coding),RFC 10 (non-coding),CONFIRMED,,MUTATION,All but BBa_B0015 deleted or not assembled,VERY SMALL SEQUENCE LEFT,Sequence is marked inconsistent in registry. It looks like it was a large construct flanked with copies of the BBa_B0015 double terminator that didn't assemble correctly or mutated. Only one exact copy is left of BBa_B0015
BB148_2,TRUE,408,BBa_I732920,2019-08-22_iSeq/reads,pSB1C3,,,BBa_I732920,148,BB148,,,TRUE,TRUE,biobrick.major.discrepancy,Noor Radde,R5-2,,R5-2_S74_L001_R1_001.fastq.gz,R5-2_S74_L001_R2_001.fastq.gz,,,,,,,,,RFC 10 (non-coding),RFC 10 (non-coding),CONFIRMED,,MUTATION,All but BBa_B0015 deleted or not assembled,VERY SMALL SEQUENCE LEFT,Sequence is marked inconsistent in registry. It looks like it was a large construct flanked with copies of the BBa_B0015 double terminator that didn't assemble correctly or mutated. Only one exact copy is left of BBa_B0015
BB149_1,TRUE,96,BB149,2019-05-11_iSeq/reads,pSB1C3,,,BBa_I746200,149,BB149,,,TRUE,TRUE,biobrick.confirmed,Shireen Shah,S1 - 6,,S1-6_S238_L001_R1_001.fastq.gz,S1-6_S238_L001_R2_001.fastq.gz,,,,,,,,,RFC 10 (protein-coding),RFC 10 (protein-coding),CONFIRMED,,CONFIRMED,,CONFIRMED,
BB149_2,TRUE,409,BBa_I746200,2019-08-22_iSeq/reads,pSB1C3,,,BBa_I746200,149,BB149,,,TRUE,TRUE,biobrick.confirmed,Noor Radde,R5-3,,R5-3_S75_L001_R1_001.fastq.gz,R5-3_S75_L001_R2_001.fastq.gz,,,,,,,,,RFC 10 (protein-coding),RFC 10 (protein-coding),CONFIRMED,,CONFIRMED,,CONFIRMED,
BB150_1,TRUE,97,BB150,2019-05-11_iSeq/reads,pSB1C3,,,BBa_K1150038,150,BB150,,,TRUE,TRUE,biobrick.confirmed,Shireen Shah,S1 - 7,,S1-7_S239_L001_R1_001.fastq.gz,S1-7_S239_L001_R2_001.fastq.gz,,,,,,,,,RFC 25,RFC 25,CONFIRMED,,CONFIRMED,,CONFIRMED,
BB150_2,TRUE,410,BBa_K1150038,2019-08-22_iSeq/reads,pSB1C3,,,BBa_K1150038,150,BB150,,,TRUE,TRUE,biobrick.confirmed,Noor Radde,R5-4,,R5-4_S76_L001_R1_001.fastq.gz,R5-4_S76_L001_R2_001.fastq.gz,,,,,,,,,RFC 25,RFC 25,CONFIRMED,,CONFIRMED,,CONFIRMED,
BB151_1,TRUE,98,BB151,2019-05-11_iSeq/reads,pSB1C3,,,BBa_K1150039,151,BB151,,,TRUE,TRUE,biobrick.confirmed,Shireen Shah,S1 - 8,,S1-8_S240_L001_R1_001.fastq.gz,S1-8_S240_L001_R2_001.fastq.gz,,,,,,,,,RFC 25,RFC 25,CONFIRMED,,CONFIRMED,,CONFIRMED,
BB151_2,TRUE,411,BBa_K1150039,2019-08-22_iSeq/reads,pSB1C3,,,BBa_K1150039,151,BB151,,,TRUE,TRUE,biobrick.confirmed,Noor Radde,R5-5,,R5-5_S77_L001_R1_001.fastq.gz,R5-5_S77_L001_R2_001.fastq.gz,,,,,,,,,RFC 25,RFC 25,CONFIRMED,,CONFIRMED,,CONFIRMED,
BB152_1,TRUE,99,BB152,2019-05-11_iSeq/reads,pSB1C3,,,BBa_K1150040,152,BB152,,,TRUE,TRUE,biobrick.confirmed,Shireen Shah,S2 - 1,,S2-1_S269_L001_R1_001.fastq.gz,S2-1_S269_L001_R2_001.fastq.gz,,,,,,,,,RFC 25,RFC 25,CONFIRMED,,CONFIRMED,,CONFIRMED,
BB152_2,TRUE,412,BBa_K1150040,2019-08-22_iSeq/reads,pSB1C3,,,BBa_K1150040,152,BB152,,,TRUE,TRUE,biobrick.confirmed,Noor Radde,R5-6,,R5-6_S78_L001_R1_001.fastq.gz,R5-6_S78_L001_R2_001.fastq.gz,,,,,,,,,RFC 25,RFC 25,CONFIRMED,,CONFIRMED,,CONFIRMED,
BB153_1,TRUE,100,BB153,2019-05-11_iSeq/reads,pSB1C3,,,BBa_K1150041,153,BB153,,,TRUE,TRUE,biobrick.confirmed,Shireen Shah,S2 - 2,,S2-2_S270_L001_R1_001.fastq.gz,S2-2_S270_L001_R2_001.fastq.gz,,,,,,,,,RFC 25,RFC 25,CONFIRMED,,CONFIRMED,,CONFIRMED,
BB153_2,TRUE,413,BBa_K1150041,2019-08-22_iSeq/reads,pSB1C3,,,BBa_K1150041,153,BB153,,,TRUE,TRUE,biobrick.confirmed,Noor Radde,R5-7,,R5-7_S79_L001_R1_001.fastq.gz,R5-7_S79_L001_R2_001.fastq.gz,,,,,,,,,RFC 25,RFC 25,CONFIRMED,,CONFIRMED,,CONFIRMED,
BB154_1,TRUE,101,BB154,2019-05-11_iSeq/reads,pSB1C3,,,BBa_K1150042,154,BB154,,,TRUE,TRUE,biobrick.confirmed,Shireen Shah,S2 - 3,,S2-3_S271_L001_R1_001.fastq.gz,S2-3_S271_L001_R2_001.fastq.gz,,,,,,,,,RFC 25,RFC 25,CONFIRMED,,CONFIRMED,,CONFIRMED,
BB154_2,TRUE,414,BBa_K1150042,2019-08-22_iSeq/reads,pSB1C3,,,BBa_K1150042,154,BB154,,,TRUE,TRUE,biobrick.confirmed,Noor Radde,R5-8,,R5-8_S80_L001_R1_001.fastq.gz,R5-8_S80_L001_R2_001.fastq.gz,,,,,,,,,RFC 25,RFC 25,CONFIRMED,,CONFIRMED,,CONFIRMED,
BB155_1,TRUE,102,BB155,2019-05-11_iSeq/reads,pSB1C3,,,BBa_K1150043,155,BB155,,,TRUE,TRUE,biobrick.major.discrepancy,Shireen Shah,S2 - 4,,S2-4_S272_L001_R1_001.fastq.gz,S2-4_S272_L001_R2_001.fastq.gz,,,,,,,,,RFC 25,RFC 25,CONFIRMED,,MINOR.DISCREPANCY,The order of assembled BioBricks seems to be reversed,CONFIRMED,
BB155_2,TRUE,420,BBa_K1150043,2019-08-22_iSeq/reads,pSB1C3,,,BBa_K1150043,155,BB155,,,TRUE,TRUE,biobrick.major.discrepancy,Noor Radde,R6-6,,R6-6_S86_L001_R1_001.fastq.gz,R6-6_S86_L001_R2_001.fastq.gz,,,,,,,,,,,,,MINOR.DISCREPANCY,The order of assembled BioBricks seems to be reversed,CONFIRMED,
BB156_N,TRUE,631,BB156,2023-03-13_Plasmidsaurus_iGEM2019/Dwenger_n2d_raw_reads,pSB1A2,,,BBa_B0025,156,BB156,,,TRUE,FALSE,not.sequenced,"Jeff Barrick, Jack Dwnger",BB156-N,Dwenger_n2d_4_156.fastq.gz,,,,,,,,,,,RFC 10 (non-coding),RFC 10 (non-coding),DISCREPANCY,"204 T→C, 639 G→A, 2072 T→A, 2,079 +A",CONFIRMED,,TOO SMALL TO MATCH,Contains a mutation in the Prefix that does not affect the restriction sites and an additional A inserted between the prefix and the part
BB164_1,TRUE,421,BBa_K819010,2019-08-22_iSeq/reads,pSB1C3,,,BBa_K819010,164,BB164,,,TRUE,TRUE,biobrick.confirmed,Noor Radde,R6-7,,R6-7_S87_L001_R1_001.fastq.gz,R6-7_S87_L001_R2_001.fastq.gz,,,,,,,,,RFC 10 (non-coding),RFC 10 (non-coding),CONFIRMED,,CONFIRMED,,CONFIRMED,
BB165_1,TRUE,422,BBa_K608007,2019-08-22_iSeq/reads,pSB1C3,,,BBa_K608007,165,BB165,,,TRUE,TRUE,biobrick.confirmed,Noor Radde,R6-8,,R6-8_S88_L001_R1_001.fastq.gz,R6-8_S88_L001_R2_001.fastq.gz,,,,,,,,,RFC 10 (non-coding),RFC 10 (non-coding),CONFIRMED,,CONFIRMED,,CONFIRMED,
BB169_1,TRUE,423,BBa_K608010,2019-08-22_iSeq/reads,pSB1C3,,,BBa_K608010,169,BB169,,,TRUE,FALSE,not.sequenced,Noor Radde,R7-1,,R7-1_S89_L001_R1_001.fastq.gz,R7-1_S89_L001_R2_001.fastq.gz,,,,,,,,,RFC 10 (non-coding),RFC 10 (non-coding),CONFIRMED,,CONFIRMED,,CONFIRMED,
BB171_1,TRUE,424,BBa_K608011,2019-08-22_iSeq/reads,pSB1C3,,,BBa_K608011,171,BB171,,,TRUE,TRUE,biobrick.confirmed,Noor Radde,R7-2,,R7-2_S90_L001_R1_001.fastq.gz,R7-2_S90_L001_R2_001.fastq.gz,,,,,,,,,RFC 10 (non-coding),RFC 10 (non-coding),BACKBONE,1633 G→A,CONFIRMED,,CONFIRMED,
BB172_1,TRUE,425,BBa_K733001,2019-08-22_iSeq/reads,pSB1C3,,,BBa_K733001,172,BB172,,,TRUE,TRUE,biobrick.confirmed,Noor Radde,R7-3,,R7-3_S91_L001_R1_001.fastq.gz,R7-3_S91_L001_R2_001.fastq.gz,,,,,,,,,RFC 10 (non-coding),RFC 10 (non-coding),CONFIRMED,,CONFIRMED,,CONFIRMED,
BB173_1,TRUE,426,BBa_K608012,2019-08-22_iSeq/reads,pSB1C3,,,BBa_K608012,173,BB173,,,TRUE,TRUE,biobrick.confirmed,Noor Radde,R7-4,,R7-4_S92_L001_R1_001.fastq.gz,R7-4_S92_L001_R2_001.fastq.gz,,,,,,,,,RFC 10 (non-coding),RFC 10 (non-coding),CONFIRMED,,CONFIRMED,,CONFIRMED,
BB175_1,TRUE,427,BBa_K575014,2019-08-22_iSeq/reads,pSB1C3,,,BBa_K575014,175,BB175,,,TRUE,TRUE,biobrick.confirmed,Noor Radde,R7-5,,R7-5_S93_L001_R1_001.fastq.gz,R7-5_S93_L001_R2_001.fastq.gz,,,,,,,,,RFC 10 (non-coding),RFC 10 (non-coding),CONFIRMED,,CONFIRMED,,CONFIRMED,
BB176_1,TRUE,428,BBa_K523002,2019-08-22_iSeq/reads,pSB1C3,,,BBa_K523002,176,BB176,,,TRUE,TRUE,biobrick.confirmed,Noor Radde,R7-6,,R7-6_S94_L001_R1_001.fastq.gz,R7-6_S94_L001_R2_001.fastq.gz,,,,,,,,,RFC 10 (non-coding),RFC 10 (non-coding),DISCREPANCY,1599 C→A,CONFIRMED,,CONFIRMED,
BB178_1,TRUE,429,BBa_K523003,2019-08-22_iSeq/reads,pSB1C3,,,BBa_K523003,178,BB178,,,TRUE,TRUE,biobrick.confirmed,Noor Radde,R7-7,,R7-7_S95_L001_R1_001.fastq.gz,R7-7_S95_L001_R2_001.fastq.gz,,,,,,,,,RFC 10 (non-coding),RFC 10 (non-coding),CONFIRMED,,CONFIRMED,,CONFIRMED,
BB179_1,TRUE,430,BBa_K575015,2019-08-22_iSeq/reads,pSB1C3,,,BBa_K575015,179,BB179,,,TRUE,TRUE,biobrick.confirmed,Noor Radde,R7-8,,R7-8_S96_L001_R1_001.fastq.gz,R7-8_S96_L001_R2_001.fastq.gz,,,,,,,,,RFC 10 (non-coding),RFC 10 (non-coding),CONFIRMED,,CONFIRMED,,CONFIRMED,
BB180_1,TRUE,431,BBa_K523004,2019-08-22_iSeq/reads,pSB1C3,,,BBa_K523004,180,BB180,,,TRUE,TRUE,biobrick.confirmed,Noor Radde,R8-1,,R8-1_S97_L001_R1_001.fastq.gz,R8-1_S97_L001_R2_001.fastq.gz,,,,,,,,,RFC 10 (non-coding),RFC 10 (non-coding),CONFIRMED,,CONFIRMED,,CONFIRMED,
BB181_1,TRUE,432,BBa_K575020,2019-08-22_iSeq/reads,pSB1C3,,,BBa_K575020,181,BB181,,,TRUE,TRUE,biobrick.confirmed,Noor Radde,R8-2,,R8-2_S98_L001_R1_001.fastq.gz,R8-2_S98_L001_R2_001.fastq.gz,,,,,,,,,RFC 10 (non-coding),RFC 10 (non-coding),CONFIRMED,,CONFIRMED,,CONFIRMED,
BB182_1,TRUE,433,BBa_I13543,2019-08-22_iSeq/reads,pSB1A2,,,BBa_I13543,182,BB182,,,TRUE,FALSE,not.sequenced,Noor Radde,R8-3,,R8-3_S99_L001_R1_001.fastq.gz,R8-3_S99_L001_R2_001.fastq.gz,,Reassigned BioBrick,BBa_I13543,Unknown,"Plate 3, 22L",BBa_B0010,BB182,"Plate 4, 16G",RFC 10 (non-coding),RFC 10 (non-coding),DISCREPANCY,"204 T→C, 639 G→A",MINOR.DISCREPANCY,"3273 	Δ1 bp, BioBrick suffix is deleted with 16 bp replaced with 91 other bp",CONFIRMED,
BB182_N,TRUE,628,BB182,2023-03-13_Plasmidsaurus_iGEM2019/Dwenger_n2d_raw_reads,pSB1A2,,,BBa_I13543,182,BB182,,,TRUE,FALSE,not.sequenced,"Jeff Barrick, Jack Dwnger",BB182-N,Dwenger_n2d_5_182.fastq.gz,,,,Reassigned BioBrick,BBa_I13543,Unknown,"Plate 3, 22L",BBa_B0010,BB182,"Plate 4, 16G",RFC 10 (non-coding),RFC 10 (non-coding),DISCREPANCY,"204 T→C, 639 G→A",MINOR.DISCREPANCY,"3273 Δ1 bp, BioBrick suffix is deleted with 16 bp replaced with 91 other bp",CONFIRMED,
BB186_1,TRUE,434,BBa_K1061003,2019-08-22_iSeq/reads,pSB1C3,,,BBa_K1061003,186,BB186,BB156,,TRUE,FALSE,not.sequenced,Noor Radde,R8-4,,R8-4_S100_L001_R1_001.fastq.gz,R8-4_S100_L001_R2_001.fastq.gz,,Reassigned BioBrick,BBa_K1061003,,"Plate 4, 14A",BBa_B0025,,"Plate 4, 16A",RFC 10 (protein-coding),RFC 10 (protein-coding),DISCREPANCY,759 G→A,CONFIRMED,,CONFIRMED,
BB186_N,TRUE,626,BB186,2023-03-13_Plasmidsaurus_iGEM2019/Dwenger_n2d_raw_reads,pSB1C3,,,BBa_K1061003,186,BB186,,,TRUE,FALSE,not.sequenced,"Jeff Barrick, Jack Dwnger",BB186-N,Dwenger_n2d_6_186.fastq.gz,,,,Reassigned BioBrick,BBa_K1061003,,"Plate 4, 14A",BBa_B0025,,"Plate 4, 16A",RFC 10 (protein-coding),RFC 10 (protein-coding),DISCREPANCY,759 G→A,CONFIRMED,,CONFIRMED,
BB187_1,TRUE,435,BBa_J61000,2019-08-22_iSeq/reads,pSB1A2,,,BBa_J61000,187,BB187,,,TRUE,TRUE,biobrick.major.discrepancy,Noor Radde,R8-5,,R8-5_S101_L001_R1_001.fastq.gz,R8-5_S101_L001_R2_001.fastq.gz,,,,,,,,,RFC 10 (non-coding),RFC 10 (non-coding),DISCREPANCY,"1 T→G, 204 T→C, 639 G→A",MINOR.DISCREPANCY,"2137 T→C, 2146 +A, 2158 +T",CONFIRMED,
BB188_1,TRUE,436,BBa_E0020,2019-08-22_iSeq/reads,pSB1A2,pSB1C3,,BBa_E0020,188,BB188,BB426,,TRUE,TRUE,biobrick.confirmed,Noor Radde,R8-6,,R8-6_S102_L001_R1_001.fastq.gz,R8-6_S102_L001_R2_001.fastq.gz,,,,,,,,,RFC 10 (protein-coding),RFC 10 (protein-coding),DISCREPANCY,"204 T→C, 639 G→A",CONFIRMED,,CONFIRMED,
BB189_1,TRUE,437,BBa_E0022,2019-08-22_iSeq/reads,pSB1A2,,,BBa_E0022,189,BB189,,,TRUE,TRUE,biobrick.confirmed,Noor Radde,R8-7,,R8-7_S103_L001_R1_001.fastq.gz,R8-7_S103_L001_R2_001.fastq.gz,,,,,,,,,RFC 10 (protein-coding),RFC 10 (protein-coding),DISCREPANCY,"204 T→C, 639 G→A",CONFIRMED,,CONFIRMED,
BB190_1,TRUE,438,BBa_E0032,2019-08-22_iSeq/reads,pSB1A2,pSB1C3,,BBa_E0032,190,BB190,BB444,,TRUE,TRUE,biobrick.confirmed,Noor Radde,R8-8,,R8-8_S104_L001_R1_001.fastq.gz,R8-8_S104_L001_R2_001.fastq.gz,,,,,,,,,RFC 10 (protein-coding),RFC 10 (protein-coding),DISCREPANCY,"204 T→C, 639 G→A",CONFIRMED,,CONFIRMED,
BB191_1,TRUE,439,BBa_R0011,2019-08-22_iSeq/reads,pSB1A2,pSB1C3,,BBa_R0011,191,BB191,BB446,,TRUE,FALSE,not.sequenced,Noor Radde,R9-1,,R9-1_S105_L001_R1_001.fastq.gz,R9-1_S105_L001_R2_001.fastq.gz,,,,,,,,,RFC 10 (non-coding),RFC 10 (non-coding),DISCREPANCY,"204 T→C, 639 G→A",CONFIRMED,,CONFIRMED,
BB192_1,TRUE,440,BBa_R0040,2019-08-22_iSeq/reads,pSB1A2,pSB1C3,pSB1C3,BBa_R0040,192,BB192,BB527,BB551,TRUE,FALSE,not.sequenced,Noor Radde,R9-2,,R9-2_S106_L001_R1_001.fastq.gz,R9-2_S106_L001_R2_001.fastq.gz,,,,,,,,,RFC 10 (non-coding),RFC 10 (non-coding),DISCREPANCY,"204 T→C, 639 G→A",CONFIRMED,,CONFIRMED,
BB193_1,TRUE,441,BBa_J36335,2019-08-22_iSeq/reads,pSB1C3,,,BBa_J36335,193,BB193,,,TRUE,TRUE,biobrick.minor.discrepancy,Noor Radde,R9-3,,R9-3_S107_L001_R1_001.fastq.gz,R9-3_S107_L001_R2_001.fastq.gz,,,,,,,,,RFC 10 (non-coding),RFC 10 (non-coding),CONFIRMED,,MINOR.DISCREPANCY,3391 +GA,CONFIRMED,
BB200_1,TRUE,448,BBa_K1166002,2019-08-22_iSeq/reads,pSB1C3,,,BBa_K1166002,200,BB200,,,TRUE,FALSE,not.sequenced,Noor Radde,R10-2,,R10-2_S114_L001_R1_001.fastq.gz,R10-2_S114_L001_R2_001.fastq.gz,,,,,,,,,RFC 23,RFC 23,CONFIRMED,,CONFIRMED,,CONFIRMED,
BB200_2,TRUE,540,BBa_K1166002,2019-08-22_iSeq/reads,pSB1C3,,,BBa_K1166002,200,BB200,,,TRUE,FALSE,not.sequenced,Diya Bhat,D6-6,,D6-6_S286_L001_R1_001.fastq.gz,D6-6_S286_L001_R2_001.fastq.gz,,,,,,,,,RFC 23,RFC 23,CONFIRMED,,CONFIRMED,,CONFIRMED,
BB204_1,TRUE,452,BBa_K523006,2019-08-22_iSeq/reads,pSB1C3,pSB1C3,,BBa_K523006,204,BB204,BB207,,TRUE,TRUE,biobrick.confirmed,Noor Radde,R10-6,,R10-6_S118_L001_R1_001.fastq.gz,R10-6_S118_L001_R2_001.fastq.gz,,,,,,,,,RFC 10 (non-coding),RFC 10 (non-coding),CONFIRMED,,CONFIRMED,,CONFIRMED,
BB205_1,TRUE,453,BBa_K575021,2019-08-22_iSeq/reads,pSB1C3,,,BBa_K575021,205,BB205,,,TRUE,TRUE,biobrick.minor.discrepancy,Noor Radde,R10-7,,R10-7_S119_L001_R1_001.fastq.gz,R10-7_S119_L001_R2_001.fastq.gz,,,,,,,,,RFC 10 (non-coding),RFC 10 (non-coding),DISCREPANCY,26 G→A,CONFIRMED,,CONFIRMED,
BB208_1,TRUE,455,BBa_K525710,2019-08-22_iSeq/reads,pSB1C3,,,BBa_K525710,208,BB208,,,TRUE,TRUE,biobrick.confirmed,Noor Radde,R11-1,,R11-1_S121_L001_R1_001.fastq.gz,R11-1_S121_L001_R2_001.fastq.gz,,,,,,,,,RFC 10 (non-coding),RFC 10 (non-coding),CONFIRMED,,CONFIRMED,,CONFIRMED,
BB209_1,TRUE,456,BBa_K590034,2019-08-22_iSeq/reads,pSB1C3,,,BBa_K590034,209,BB209,,,TRUE,TRUE,biobrick.confirmed,Noor Radde,R11-2,,R11-2_S122_L001_R1_001.fastq.gz,R11-2_S122_L001_R2_001.fastq.gz,,,,,,,,,RFC 10 (protein-coding),RFC 10 (protein-coding),CONFIRMED,,CONFIRMED,,CONFIRMED,
BB211_1,TRUE,457,BBa_K576003,2019-08-22_iSeq/reads,pSB1C3,,,BBa_K576003,211,BB211,,,TRUE,TRUE,biobrick.confirmed,Noor Radde,R11-3,,R11-3_S123_L001_R1_001.fastq.gz,R11-3_S123_L001_R2_001.fastq.gz,,,,,,,,,RFC 10 (non-coding),RFC 10 (non-coding),CONFIRMED,,CONFIRMED,,CONFIRMED,
BB213_1,TRUE,458,BBa_K607035,2019-08-22_iSeq/reads,pSB1C3,,,BBa_K607035,213,BB213,,,TRUE,TRUE,biobrick.confirmed,Noor Radde,R11-4,,R11-4_S124_L001_R1_001.fastq.gz,R11-4_S124_L001_R2_001.fastq.gz,,,,,,,,,RFC 10 (non-coding),RFC 10 (non-coding),CONFIRMED,,CONFIRMED,,ASSEMBLY NOT COMPLETE,
BB214_1,TRUE,459,BBa_K733008,2019-08-22_iSeq/reads,pSB1C3,,,BBa_K733008,214,BB214,,,TRUE,TRUE,biobrick.confirmed,Noor Radde,R11-5,,R11-5_S125_L001_R1_001.fastq.gz,R11-5_S125_L001_R2_001.fastq.gz,,,,,,,,,RFC 10 (non-coding),RFC 10 (non-coding),CONFIRMED,,CONFIRMED,,CONFIRMED,
BB215_1,TRUE,460,BBa_K607038,2019-08-22_iSeq/reads,pSB1C3,pSB1C3,,BBa_K607038,215,BB215,BB210,,TRUE,FALSE,not.sequenced,Noor Radde,R11-6,,R11-6_S126_L001_R1_001.fastq.gz,R11-6_S126_L001_R2_001.fastq.gz,,Reassigned BioBrick,BBa_K607038,,"Plate 1, 7C",BBa_K608351,,None assigned!,RFC 10 (non-coding),RFC 10 (non-coding),CONFIRMED,,CONFIRMED,,CONFIRMED,
BB215_N,TRUE,636,BB215,2023-03-13_Plasmidsaurus_iGEM2019/Dwenger_n2d_raw_reads,pSB1C3,,,BBa_K607038,215,BB215,,,TRUE,FALSE,not.sequenced,"Jeff Barrick, Jack Dwnger",BB215-N,Dwenger_n2d_7_215.fastq.gz,,,,Reassigned BioBrick,BBa_K607038,,"Plate 1, 7C",BBa_K608351,,None assigned!,RFC 10 (non-coding),RFC 10 (non-coding),CONFIRMED,,CONFIRMED,,CONFIRMED,
BB218_1,TRUE,461,BBa_K733010,2019-08-22_iSeq/reads,pSB1C3,,,BBa_K733010,218,BB218,,,TRUE,TRUE,biobrick.confirmed,Noor Radde,R11-7,,R11-7_S127_L001_R1_001.fastq.gz,R11-7_S127_L001_R2_001.fastq.gz,,,,,,,,,RFC 10 (non-coding),RFC 10 (non-coding),CONFIRMED,,CONFIRMED,,CONFIRMED,
BB220_1,TRUE,462,BBa_K733013,2019-08-22_iSeq/reads,pSB1C3,,,BBa_K733013,220,BB220,,,TRUE,TRUE,biobrick.confirmed,Noor Radde,R11-8,,R11-8_S128_L001_R1_001.fastq.gz,R11-8_S128_L001_R2_001.fastq.gz,,,,,,,,,RFC 10 (non-coding),RFC 10 (non-coding),CONFIRMED,,CONFIRMED,,CONFIRMED,
BB238_1,TRUE,535,BBa_K592101,2019-08-22_iSeq/reads,pSB1C3,,,BBa_K592101,238,BB238,,,TRUE,FALSE,not.sequenced,Diya Bhat,D6-1,,D6-1_S281_L001_R1_001.fastq.gz,D6-1_S281_L001_R2_001.fastq.gz,,Reassigned BioBrick. BioBrick was missassigned in spreadsheet for the well used.,BBa_K592101,NA,"Plate 4, 2M",BBa_K648013,BB238,"Plate 4, 2M",RFC 10 (protein-coding),RFC 10 (protein-coding),CONFIRMED,16 +C,CONFIRMED,,CONFIRMED,Wrong BioBrick put into main iGEM spreadsheet!
BB239_1,TRUE,536,BBa_I6057,2019-08-22_iSeq/reads,pSB1C3,,,BBa_I6057,239,BB239,,,TRUE,TRUE,biobrick.minor.discrepancy,Diya Bhat,D6-2,,D6-2_S282_L001_R1_001.fastq.gz,D6-2_S282_L001_R2_001.fastq.gz,,,,,,,,,RFC 10 (non-coding),RFC 10 (non-coding),"BIOBRICK, BIOBRICK EDGE","2,054	+26 bp",MINOR.DISCREPANCY,"3,264 Δ1 bp",CONFIRMED,Partially duplicated insulating terminator in backbone
BB240_1,TRUE,537,BBa_I746375,2019-08-22_iSeq/reads,pSB1C3,pSB1C3,,BBa_I746375,240,BB240,BB241,,TRUE,TRUE,biobrick.minor.discrepancy,Diya Bhat,D6-3,,D6-3_S283_L001_R1_001.fastq.gz,D6-3_S283_L001_R2_001.fastq.gz,,,,,,,,,RFC 10 (non-coding),RFC 10 (non-coding),"BACKBONE, BIOBRICK",338 A→G,MINOR.DISCREPANCY,"3264 Δ1 bp, 3288 Δ2 bp, 3,306 Δ1 bp",CONFIRMED,
BB252_1,TRUE,542,BBa_K598014,2019-08-22_iSeq/reads,pSB1C3,,,BBa_K598014,252,BB252,,,TRUE,TRUE,biobrick.confirmed,Diya Bhat,D6-8,,D6-8_S288_L001_R1_001.fastq.gz,D6-8_S288_L001_R2_001.fastq.gz,,,,,,,,,RFC 10 (non-coding),RFC 10 (non-coding),CONFIRMED,,CONFIRMED,,CONFIRMED,
BB255_1,TRUE,543,BBa_K777117,2019-08-22_iSeq/reads,pSB1C3,,,BBa_K777117,255,BB255,,,TRUE,TRUE,biobrick.confirmed,Diya Bhat,D7-1,,D7-1_S353_L001_R1_001.fastq.gz,D7-1_S353_L001_R2_001.fastq.gz,,,,,,,,,RFC 10 (protein-coding),RFC 10 (protein-coding),CONFIRMED,,CONFIRMED,,CONFIRMED,
BB258_1,TRUE,544,BBa_K801012,2019-08-22_iSeq/reads,pSB1C3,,,BBa_K801012,258,BB258,,,FALSE,FALSE,not.sequenced,Diya Bhat,D7-2,,D7-2_S354_L001_R1_001.fastq.gz,D7-2_S354_L001_R2_001.fastq.gz,,Reassigned BioBrick,BBa_K801012,,"Plate 2, 3J",K936013,BB258,"Plate 2, 1J",RFC 10 (non-coding),RFC 10 (non-coding),DISCREPANCY,"34 G→AC, 413 C→T, 818 T→C, 1478 C→T",CONFIRMED,,CONFIRMED,
BB258_N,TRUE,630,BB258,2023-03-13_Plasmidsaurus_iGEM2019/Dwenger_n2d_raw_reads,pSB1C3,,,BBa_K801012,258,BB258,,,FALSE,FALSE,not.sequenced,"Jeff Barrick, Jack Dwnger",BB258-N,Dwenger_n2d_8_258.fastq.gz,,,,Reassigned BioBrick,BBa_K801012,,"Plate 2, 3J",K936013,BB258,"Plate 2, 1J",RFC 10 (non-coding),RFC 10 (non-coding),DISCREPANCY,"34 G→AC, 413 C→T, 818 T→C, 1478 C→T",CONFIRMED,,CONFIRMED,
BB259_1,TRUE,545,BBa_K567008,2019-08-22_iSeq/reads,pSB1C3,,,BBa_K567008,259,BB259,,,TRUE,TRUE,biobrick.confirmed,Diya Bhat,D7-3,,D7-3_S355_L001_R1_001.fastq.gz,D7-3_S355_L001_R2_001.fastq.gz,,,,,,,,,RFC 10 (non-coding),RFC 10 (non-coding),DISCREPANCY,1933 C→T,CONFIRMED,,CONFIRMED,
BB260_1,TRUE,546,BBa_K936000,2019-08-22_iSeq/reads,pSB1C3,,,BBa_K936000,260,BB260,,,TRUE,TRUE,biobrick.confirmed,Diya Bhat,D7-4,,D7-4_S356_L001_R1_001.fastq.gz,D7-4_S356_L001_R2_001.fastq.gz,,,,,,,,,RFC 10 (protein-coding),RFC 10 (protein-coding),CONFIRMED,,CONFIRMED,,CONFIRMED,
BB261_1,TRUE,547,BBa_K567015,2019-08-22_iSeq/reads,pSB1C3,,,BBa_K567015,261,BB261,,,TRUE,TRUE,biobrick.confirmed,Diya Bhat,D7-5,,D7-5_S357_L001_R1_001.fastq.gz,D7-5_S357_L001_R2_001.fastq.gz,,,,,,,,,RFC 10 (non-coding),RFC 10 (non-coding),CONFIRMED,,CONFIRMED,,CONFIRMED,
BB262_1,TRUE,548,BBa_K876000,2019-08-22_iSeq/reads,pSB1C3,,,BBa_K876000,262,BB262,,,TRUE,TRUE,biobrick.confirmed,Diya Bhat,D7-6,,D7-6_S358_L001_R1_001.fastq.gz,D7-6_S358_L001_R2_001.fastq.gz,,,,,,,,,RFC 10 (non-coding),RFC 10 (non-coding),CONFIRMED,,CONFIRMED,,CONFIRMED,
BB253_1,TRUE,549,BBa_K777113,2019-08-22_iSeq/reads,pSB1C3,,,BBa_K777113,263,BB263,,,FALSE,FALSE,not.sequenced,Diya Bhat,D7-7,,D7-7_S359_L001_R1_001.fastq.gz,D7-7_S359_L001_R2_001.fastq.gz,,Reassigned Sequencing,BBa_K777113,BB253,"Plate 2, 1D",,BB263,"Plate 2, 10",RFC 10 (protein-coding),RFC 10 (protein-coding),CONFIRMED,,CONFIRMED,,CONFIRMED,
BB263_N,TRUE,623,BB263,2023-03-13_Plasmidsaurus_iGEM2019/Dwenger_n2d_raw_reads,pSB1C3,,,BBa_K567018,263,BB263,,,TRUE,FALSE,not.sequenced,"Jeff Barrick, Jack Dwnger",BB263-N,Dwenger_n2d_9_263.fastq.gz,,,,,,,,,,,RFC 10 (non-coding),RFC 10 (non-coding),CONFIRMED,,MINOR.DISCREPANCY,3243 C→A,,
BB264_1,TRUE,550,BBa_K773002,2019-08-22_iSeq/reads,pSB1C3,,,BBa_K773002,264,BB264,,,TRUE,TRUE,biobrick.confirmed,Diya Bhat,D7-8,,D7-8_S360_L001_R1_001.fastq.gz,D7-8_S360_L001_R2_001.fastq.gz,,,,,,,,,RFC 10 (protein-coding),RFC 10 (protein-coding),CONFIRMED,,CONFIRMED,,CONFIRMED,
BB265_1,TRUE,551,BBa_K747000,2019-08-22_iSeq/reads,pSB1C3,,,BBa_K747000,265,BB265,,,TRUE,TRUE,biobrick.confirmed,Diya Bhat,D8-1,,D8-1_S361_L001_R1_001.fastq.gz,D8-1_S361_L001_R2_001.fastq.gz,,,,,,,,,RFC 10 (non-coding),RFC 10 (non-coding),DISCREPANCY,1385 G→C,CONFIRMED,,CONFIRMED,
BB267_1,TRUE,552,BBa_K747001,2019-08-22_iSeq/reads,pSB1C3,,,BBa_K747001,267,BB267,,,TRUE,TRUE,biobrick.minor.discrepancy,Diya Bhat,D8-2,,D8-2_S362_L001_R1_001.fastq.gz,D8-2_S362_L001_R2_001.fastq.gz,,,,,,,,,RFC 10 (non-coding),RFC 10 (non-coding),DISCREPANCY,"3 C→G, 1385 G→C",CONFIRMED,,CONFIRMED,SpeI site in suffix is mutated
BB271_1,TRUE,553,BBa_K654058,2019-08-22_iSeq/reads,pSB1C3,,,BBa_K654058,271,BB271,,,TRUE,TRUE,biobrick.minor.discrepancy,Diya Bhat,D8-3,,D8-3_S363_L001_R1_001.fastq.gz,D8-3_S363_L001_R2_001.fastq.gz,,,,,,,,,RFC 10 (protein-coding),RFC 10 (protein-coding),CONFIRMED,,CONFIRMED,,CONFIRMED,
BB272_1,TRUE,554,BBa_K639003,2019-08-22_iSeq/reads,pSB1C3,,,BBa_K639003,272,BB272,,,TRUE,TRUE,biobrick.minor.discrepancy,Diya Bhat,D8-4,,D8-4_S364_L001_R1_001.fastq.gz,D8-4_S364_L001_R2_001.fastq.gz,,,,,,,,,RFC 10 (non-coding),RFC 10 (non-coding),DISCREPANCY,2042 Δ2 bp,MINOR.DISCREPANCY,2572 AAAGAGGAGAAA→TCACACAGGAC,CONFIRMED,
BB273_1,TRUE,555,BBa_K634001,2019-08-22_iSeq/reads,pSB1C3,,,BBa_K634001,273,BB273,,,TRUE,TRUE,biobrick.minor.discrepancy,Diya Bhat,D8-5,,D8-5_S365_L001_R1_001.fastq.gz,D8-5_S365_L001_R2_001.fastq.gz,,,,,,,,,RFC 10 (protein-coding),RFC 10 (protein-coding),DISCREPANCY,982 A→G,CONFIRMED,,CONFIRMED,
BB274_1,TRUE,556,BBa_K606017,2019-08-22_iSeq/reads,pSB1C3,,,BBa_K606017,274,BB274,,,TRUE,TRUE,biobrick.confirmed,Diya Bhat,D8-6,,D8-6_S366_L001_R1_001.fastq.gz,D8-6_S366_L001_R2_001.fastq.gz,,,,,,,,,RFC 10 (non-coding),RFC 10 (non-coding),CONFIRMED,,CONFIRMED,,CONFIRMED,
BB275_1,TRUE,557,BBa_K624003,2019-08-22_iSeq/reads,pSB1C3,,,BBa_K624003,275,BB275,,,TRUE,TRUE,biobrick.confirmed,Diya Bhat,D8-7,,D8-7_S367_L001_R1_001.fastq.gz,D8-7_S367_L001_R2_001.fastq.gz,,,,,,,,,RFC 10 (non-coding),RFC 10 (non-coding),CONFIRMED,,CONFIRMED,,CONFIRMED,
BB276_1,TRUE,558,BBa_K627011,2019-08-22_iSeq/reads,pSB1C3,,,BBa_K627011,276,BB276,,,TRUE,TRUE,biobrick.confirmed,Diya Bhat,D8-8,,D8-8_S368_L001_R1_001.fastq.gz,D8-8_S368_L001_R2_001.fastq.gz,,,,,,,,,RFC 23,RFC 23,DISCREPANCY,"413 C→T, 818 T→C, 1478 C→T",CONFIRMED,,CONFIRMED,
BB277_1,TRUE,560,BBa_K624000,2019-08-22_iSeq/reads,pSB1C3,,,BBa_K624000,277,BB277,,,TRUE,TRUE,biobrick.confirmed,Diya Bhat,D9-2,,D9-2_S370_L001_R1_001.fastq.gz,D9-2_S370_L001_R2_001.fastq.gz,,,,,,,,,RFC 10 (non-coding),RFC 10 (non-coding),CONFIRMED,,CONFIRMED,,CONFIRMED,
BB278_1,TRUE,561,BBa_K624004,2019-08-22_iSeq/reads,pSB1C3,,,BBa_K624004,278,BB278,,,TRUE,TRUE,biobrick.confirmed,Diya Bhat,D9-3,,D9-3_S371_L001_R1_001.fastq.gz,D9-3_S371_L001_R2_001.fastq.gz,,,,,,,,,RFC 10 (non-coding),RFC 10 (non-coding),CONFIRMED,,CONFIRMED,,CONFIRMED,
BB279_1,TRUE,562,BBa_K592016,2019-08-22_iSeq/reads,pSB1C3,,,BBa_K592016,279,BB279,,,TRUE,TRUE,biobrick.confirmed,Diya Bhat,D9-4,,D9-4_S372_L001_R1_001.fastq.gz,D9-4_S372_L001_R2_001.fastq.gz,,,,,,,,,RFC 10 (non-coding),RFC 10 (non-coding),CONFIRMED,,CONFIRMED,,CONFIRMED,
BB280_1,TRUE,563,BBa_K581005,2019-08-22_iSeq/reads,pSB1C3,,,BBa_K581005,280,BB280,,,TRUE,TRUE,biobrick.confirmed,Diya Bhat,D9-5,,D9-5_S373_L001_R1_001.fastq.gz,D9-5_S373_L001_R2_001.fastq.gz,,,,,,,,,RFC 10 (non-coding),RFC 10 (non-coding),CONFIRMED,,CONFIRMED,,CONFIRMED,
BB281_1,TRUE,564,BBa_K592018,2019-08-22_iSeq/reads,pSB1C3,,,BBa_K592018,281,BB281,,,TRUE,TRUE,biobrick.confirmed,Diya Bhat,D9-6,,D9-6_S374_L001_R1_001.fastq.gz,D9-6_S374_L001_R2_001.fastq.gz,,,,,,,,,RFC 10 (non-coding),RFC 10 (non-coding),CONFIRMED,,CONFIRMED,,CONFIRMED,
BB282_1,TRUE,565,BBa_K516132,2019-08-22_iSeq/reads,pSB1C3,,,BBa_K516132,282,BB282,,,TRUE,TRUE,biobrick.confirmed,Diya Bhat,D9-7,,D9-7_S375_L001_R1_001.fastq.gz,D9-7_S375_L001_R2_001.fastq.gz,,,,,,,,,RFC 10 (non-coding),RFC 10 (non-coding),CONFIRMED,,CONFIRMED,,CONFIRMED,
BB283_2,TRUE,566,BBa_K797001,2019-08-22_iSeq/reads,pSB1C3,,,BBa_K797001,283,BB283,,,TRUE,TRUE,biobrick.confirmed,Diya Bhat,D9-8,,D9-8_S376_L001_R1_001.fastq.gz,D9-8_S376_L001_R2_001.fastq.gz,,,,,,,,,RFC 10 (non-coding),RFC 10 (non-coding),CONFIRMED,,CONFIRMED,,CONFIRMED,
BB286_2,TRUE,613,BBa_K541501,2020-01-29_iSeq/reads,pSB1C3,,,BBa_K541501,286,BB286,,,TRUE,TRUE,biobrick.confirmed,Diya Bhat,D10-1,,D10-1_S89_L001_R1_001.fastq.gz,D10-1_S89_L001_R2_001.fastq.gz,,,,,,,,,RFC 10 (non-coding),RFC 10 (non-coding),CONFIRMED,,CONFIRMED,,CONFIRMED,
BB288_2,TRUE,614,BBa_K541502,2020-01-29_iSeq/reads,pSB1C3,,,BBa_K541502,288,BB288,,,TRUE,TRUE,biobrick.confirmed,Diya Bhat,D10-2,,D10-2_S90_L001_R1_001.fastq.gz,D10-2_S90_L001_R2_001.fastq.gz,,,,,,,,,RFC 10 (non-coding),RFC 10 (non-coding),CONFIRMED,,CONFIRMED,,CONFIRMED,
BB289_2,TRUE,615,BBa_K914011,2020-01-29_iSeq/reads,pSB1C3,,,BBa_K914011,289,BB289,,,TRUE,TRUE,biobrick.confirmed,Diya Bhat,D10-3,,D10-3_S91_L001_R1_001.fastq.gz,D10-3_S91_L001_R2_001.fastq.gz,,,,,,,,,RFC 10 (non-coding),RFC 10 (non-coding),CONFIRMED,,CONFIRMED,,CONFIRMED,
BB290_1,TRUE,359,BBa_J52011,2019-08-22_iSeq/reads,pSB1C3,,,BBa_J52011,290,BB290,,,TRUE,TRUE,biobrick.confirmed,Diya Bhat,D4-1,,D4-1_S25_L001_R1_001.fastq.gz,D4-1_S25_L001_R2_001.fastq.gz,,,,,,,,,RFC 23,RFC 23,CONFIRMED,,CONFIRMED,,CONFIRMED,
BB291_1,TRUE,360,BBa_R0063,2019-08-22_iSeq/reads,pSB1A2,pSB1C3,,BBa_R0063,291,BB291,BB531,,TRUE,TRUE,biobrick.confirmed,Diya Bhat,D4-2,,D4-2_S26_L001_R1_001.fastq.gz,D4-2_S26_L001_R2_001.fastq.gz,,,,,,,,,RFC 10 (non-coding),RFC 10 (non-coding),DISCREPANCY,"204 T→C, 639  G→A",CONFIRMED,,CONFIRMED,
BB293_1,TRUE,362,BBa_R0065,2019-08-22_iSeq/reads,pSB1A2,pSB1C3,,BBa_R0065,293,BB293,BB533,,TRUE,TRUE,biobrick.confirmed,Diya Bhat,D4-4,,D4-4_S28_L001_R1_001.fastq.gz,D4-4_S28_L001_R2_001.fastq.gz,,,,,,,,,RFC 10 (non-coding),RFC 10 (non-coding),DISCREPANCY,"204 T→C, 639  G→A",CONFIRMED,,CONFIRMED,
BB294_1,TRUE,363,BBa_I759014,2019-08-22_iSeq/reads,pSB1C3,,,BBa_I759014,294,BB294,,,TRUE,TRUE,biobrick.confirmed,Diya Bhat,D4-5,,D4-5_S29_L001_R1_001.fastq.gz,D4-5_S29_L001_R2_001.fastq.gz,,,,,,,,,RFC 10 (non-coding),RFC 10 (non-coding),CONFIRMED,,CONFIRMED,,UNCLEAR FROM ASSEMBLY,
BB295_1,TRUE,364,BBa_R1051,2019-08-22_iSeq/reads,pSB1A2,,,BBa_R1051,295,BB295,,,TRUE,TRUE,biobrick.confirmed,Diya Bhat,D4-6,,D4-6_S30_L001_R1_001.fastq.gz,D4-6_S30_L001_R2_001.fastq.gz,,,,,,,,,RFC 10 (non-coding),RFC 10 (non-coding),DISCREPANCY,"204 T→C, 639  G→A",CONFIRMED,,CONFIRMED,
BB296_1,TRUE,365,BBa_I759016,2019-08-22_iSeq/reads,pSB1C3,,,BBa_I759016,296,BB296,,,TRUE,TRUE,biobrick.minor.discrepancy,Diya Bhat,D4-7,,D4-7_S31_L001_R1_001.fastq.gz,D4-7_S31_L001_R2_001.fastq.gz,,,,,,,,,RFC 10 (non-coding),RFC 10 (non-coding),DISCREPANCY,2073 C→A,MUTATED,IS5 insertion within the tetR gene,CONFIRMED,
BB297_1,TRUE,366,BBa_R1062,2019-08-22_iSeq/reads,pSB1A2,pSB1C3,,BBa_R1062,297,BB297,BB535,,TRUE,FALSE,not.sequenced,Diya Bhat,D4-8,,D4-8_S32_L001_R1_001.fastq.gz,D4-8_S32_L001_R2_001.fastq.gz,,,,,,,,,RFC 10 (non-coding),RFC 10 (non-coding),DISCREPANCY,"204 T→C, 639  G→A",CONFIRMED,,CONFIRMED,
BB298_1,TRUE,367,BBa_I759017,2019-08-22_iSeq/reads,pSB1C3,,,BBa_I759017,298,BB298,,,TRUE,TRUE,biobrick.confirmed,Diya Bhat,D5-1,,D5-1_S33_L001_R1_001.fastq.gz,D5-1_S33_L001_R2_001.fastq.gz,,,,,,,,,RFC 10 (non-coding),RFC 10 (non-coding),CONFIRMED,,CONFIRMED,,CONFIRMED,
BB299_1,TRUE,368,BBa_E0430,2019-08-22_iSeq/reads,pSB1A2,,,BBa_E0430,299,BB299,,,TRUE,TRUE,biobrick.confirmed,Diya Bhat,D5-2,,D5-2_S34_L001_R1_001.fastq.gz,D5-2_S34_L001_R2_001.fastq.gz,,,,,,,,,RFC 10 (non-coding),RFC 10 (non-coding),DISCREPANCY,"204 T→C, 639  G→A",MINOR.DISCREPANCY,2072 T→A,CONFIRMED,
BB300_2,TRUE,369,BBa_P0312,2019-08-22_iSeq/reads,pSB1C3,,,BBa_P0312,300,BB300,,,TRUE,FALSE,not.sequenced,Diya Bhat,D5-3,,D5-3_S35_L001_R1_001.fastq.gz,D5-3_S35_L001_R2_001.fastq.gz,,Reassigned BioBrick,BBa_P0312,,"Plate 4, 9K",BBa_I759018,,"Plate 4, 7K",RFC 10 (non-coding),RFC 10 (non-coding),CONFIRMED,,CONFIRMED,,CONFIRMED,
BB301_1,TRUE,370,BBa_E0420,2019-08-22_iSeq/reads,pSB1AK3,,,BBa_E0420,301,BB301,,,TRUE,TRUE,biobrick.confirmed,Diya Bhat,D5-4,,D5-4_S36_L001_R1_001.fastq.gz,D5-4_S36_L001_R2_001.fastq.gz,,Reassigned Backbone,,,,,,,RFC 10 (non-coding),RFC 10 (non-coding),DISCREPANCY,"34 Δ2 bp, 282 T→C, 717 G→A",CONFIRMED,,CONFIRMED,There is an extra KanR gene in the backbone and an extra terminator after the suffix
BB302_1,TRUE,371,BBa_I759019,2019-08-22_iSeq/reads,pSB1C3,,,BBa_I759019,302,BB302,,,TRUE,TRUE,biobrick.major.discrepancy,Diya Bhat,D5-5,,D5-5_S37_L001_R1_001.fastq.gz,D5-5_S37_L001_R2_001.fastq.gz,,,,,,,,,RFC 10 (non-coding),RFC 10 (non-coding),CONFIRMED,,MUTATED,"891-bp deletion, Missing BBa_S03724 part of composite part due to deletion through B0015 double terminator",CONFIRMED,
BB303_1,TRUE,372,BBa_I759020,2019-08-22_iSeq/reads,pSB1C3,,,BBa_I759020,303,BB303,,,TRUE,TRUE,biobrick.major.discrepancy,Diya Bhat,D5-6,,D5-6_S38_L001_R1_001.fastq.gz,D5-6_S38_L001_R2_001.fastq.gz,,,,,,,,,RFC 10 (non-coding),RFC 10 (non-coding),DISCREPANCY,1635 A→G,MUTATED,"531-bp deletion, Missing the end of the Biobrick through the suffix",CONFIRMED,The end of the part is deleted. Confirmed this is top BLAST match to desired part.
BB304_N,TRUE,621,BB304,2023-03-13_Plasmidsaurus_iGEM2019/Dwenger_n2d_raw_reads,pSB1C3,,,BBa_K1149051,304,BB304,,,TRUE,FALSE,not.sequenced,"Jeff Barrick, Jack Dwnger",BB304-N,Dwenger_n2d_10_304.fastq.gz,,,,,,,,,,,RFC 10 (non-coding),RFC 10 (non-coding),CONFIRMED,,CONFIRMED,,,
BB305_1,TRUE,503,BBa_K1061001,2019-08-22_iSeq/reads,pSB1C3,,,BBa_K1061001,305,BB305,,,TRUE,TRUE,biobrick.confirmed,Mina Kim,M2-1,,M2-1_S169_L001_R1_001.fastq.gz,M2-1_S169_L001_R2_001.fastq.gz,,,,,,,,,RFC 10 (protein-coding),RFC 10 (protein-coding),DISCREPANCY,759 G→A,CONFIRMED,,CONFIRMED,
BB305_2,TRUE,616,BBa_K1061001,2020-01-29_iSeq/reads,pSB1C3,,,BBa_K1061001,305,BB305,,,TRUE,TRUE,biobrick.confirmed,Diya Bhat,D10-4,,D10-4_S92_L001_R1_001.fastq.gz,D10-4_S92_L001_R2_001.fastq.gz,,,,,,,,,RFC 10 (protein-coding),RFC 10 (protein-coding),DISCREPANCY,759 G→A,CONFIRMED,,CONFIRMED,
BB305_4,TRUE,495,BBa_K1061001,2019-08-22_iSeq/reads,pSB1C3,,,BBa_K1061001,305,BB305,,,TRUE,FALSE,not.sequenced,Mina Kim,M1-1,,M1-1_S161_L001_R1_001.fastq.gz,M1-1_S161_L001_R2_001.fastq.gz,,Reassigned Sequencing,BBa_K1061001,BB305 (switched in sequencing??),"Plate 4, 12O",,BB223,,RFC 10 (protein-coding),RFC 10 (protein-coding),DISCREPANCY,759 G→A,CONFIRMED,,CONFIRMED,
BB306_1,TRUE,504,BBa_I712058,2019-08-22_iSeq/reads,pSB1C3,,,BBa_I712058,306,BB306,,,TRUE,TRUE,biobrick.minor.discrepancy,Mina Kim,M2-2,,M2-2_S170_L001_R1_001.fastq.gz,M2-2_S170_L001_R2_001.fastq.gz,,,,,,,,,RFC 23,RFC 23,CONFIRMED,,MINOR.DISCREPANCY,"2725 Δ1 bp, 2731 +A, 2788 Δ1 bp, 2794 +A",CONFIRMED,
BB306_2,TRUE,617,BBa_I712058,2020-01-29_iSeq/reads,pSB1C3,,,BBa_I712058,306,BB306,,,TRUE,TRUE,biobrick.minor.discrepancy,Diya Bhat,D10-5,,D10-5_S93_L001_R1_001.fastq.gz,D10-5_S93_L001_R2_001.fastq.gz,,,,,,,,,RFC 23,RFC 23,CONFIRMED,,MINOR.DISCREPANCY,"2725 Δ1 bp, 2731 +A, 2788 Δ1 bp, 2794 +A",,
BB306_4,TRUE,496,BBa_I712058,2019-08-22_iSeq/reads,pSB1C3,,,BBa_I712058,306,BB306,,,TRUE,FALSE,not.sequenced,Mina Kim,M1-2,,M1-2_S162_L001_R1_001.fastq.gz,M1-2_S162_L001_R2_001.fastq.gz,,Reassigned Sequencing,BBa_I712058,BB306 (switched in sequencing??),"Plate 4, 13A",,BB225,,RFC 23,RFC 23,CONFIRMED,,MINOR.DISCREPANCY,"2725 Δ1 bp, 2731 +A, 2788 Δ1 bp, 2794 +A",CONFIRMED,
BB307_1,TRUE,505,BBa_I712088,2019-08-22_iSeq/reads,pSB1C3,,,BBa_I712088,307,BB307,,,TRUE,TRUE,biobrick.major.discrepancy,Mina Kim,M2-3,,M2-3_S171_L001_R1_001.fastq.gz,M2-3_S171_L001_R2_001.fastq.gz,,,,,,,,,RFC 23,RFC 23,DISCREPANCY,"210 A→G, 1014 A→G",MINOR.DISCREPANCY,"2930 C→T, 3978 1 bp→16 bp, 3984 +A, 4119 Δ1 bp, 4125 +A",CONFIRMED,
BB307_3,TRUE,618,BBa_I712088,2020-01-29_iSeq/reads,pSB1C3,,,BBa_I712088,307,BB307,,,TRUE,TRUE,biobrick.major.discrepancy,Diya Bhat,D10-6,,D10-6_S94_L001_R1_001.fastq.gz,D10-6_S94_L001_R2_001.fastq.gz,,,,,,,,,RFC 23,RFC 23,DISCREPANCY,"210 A→G, 1014 A→G",MINOR.DISCREPANCY,"2930 C→T, 3978 1 bp→16 bp, 3984 +A, 4119 Δ1 bp, 4125 +A",CONFIRMED,
BB307_4,TRUE,497,BBa_I712088,2019-08-22_iSeq/reads,pSB1C3,,,BBa_I712088,307,BB307,,,TRUE,FALSE,not.sequenced,Mina Kim,M1-3,,M1-3_S163_L001_R1_001.fastq.gz,M1-3_S163_L001_R2_001.fastq.gz,,Reassigned Sequencing,BBa_I712088,BB307 (switched in sequencing??),"Plate 4, 13C",,BB228,,RFC 23,RFC 23,DISCREPANCY,"210 A→G, 1014 A→G",MINOR.DISCREPANCY,"2930 C→T, 3978 1 bp→16 bp, 3984 +A, 4119 Δ1 bp, 4125 +A",CONFIRMED,
BB308_1,TRUE,506,BBa_I759005,2019-08-22_iSeq/reads,pSB1C3,,,BBa_I759005,308,BB308,,,TRUE,TRUE,biobrick.confirmed,Mina Kim,M2-4,,M2-4_S172_L001_R1_001.fastq.gz,M2-4_S172_L001_R2_001.fastq.gz,,,,,,,,,RFC 10 (non-coding),RFC 10 (non-coding),CONFIRMED,,CONFIRMED,,CONFIRMED,
BB308_2,TRUE,619,BBa_I759005,2020-01-29_iSeq/reads,pSB1C3,,,BBa_I759005,308,BB308,,,TRUE,TRUE,biobrick.confirmed,Diya Bhat,D10-7,,D10-7_S95_L001_R1_001.fastq.gz,D10-7_S95_L001_R2_001.fastq.gz,,,,,,,,,RFC 10 (non-coding),RFC 10 (non-coding),CONFIRMED,,CONFIRMED,,CONFIRMED,
BB308_4,TRUE,498,BBa_I759005,2019-08-22_iSeq/reads,pSB1C3,,,BBa_I759005,308,BB308,,,TRUE,TRUE,biobrick.confirmed,Mina Kim,M1-4,,M1-4_S164_L001_R1_001.fastq.gz,M1-4_S164_L001_R2_001.fastq.gz,,Reassigned Sequencing,BBa_I759005,BB308 (switched in sequencing),"Plate 4, 13E",,BB283,,RFC 10 (non-coding),RFC 10 (non-coding),CONFIRMED,,CONFIRMED,,CONFIRMED,
BB309_1,TRUE,507,BBa_S03749,2019-08-22_iSeq/reads,pSB1C3,,,BBa_S03749,309,BB309,,,TRUE,TRUE,biobrick.minor.discrepancy,Mina Kim,M2-5,,M2-5_S173_L001_R1_001.fastq.gz,M2-5_S173_L001_R2_001.fastq.gz,,,,,,,,,RFC 10 (non-coding),RFC 10 (non-coding),BACKBONE,,MUTATED,IS4 family transposase insertion in BioBrick,CONFIRMED,Experience: Fails!
BB309_2,TRUE,620,BBa_S03749,2020-01-29_iSeq/reads,pSB1C3,,,BBa_S03749,309,BB309,,,TRUE,TRUE,biobrick.minor.discrepancy,Diya Bhat,D10-8,,D10-8_S96_L001_R1_001.fastq.gz,D10-8_S96_L001_R2_001.fastq.gz,,,,,,,,,RFC 10 (non-coding),RFC 10 (non-coding),BACKBONE,,MUTATED,IS4 family transposase insertion in BioBrick,CONFIRMED,Experience: Fails!
BB309_4,TRUE,499,BBa_S03749,2019-08-22_iSeq/reads,pSB1C3,,,BBa_S03749,309,BB309,,,TRUE,FALSE,not.sequenced,Mina Kim,M1-5,,M1-5_S165_L001_R1_001.fastq.gz,M1-5_S165_L001_R2_001.fastq.gz,,Reassigned Sequencing,BBa_S03749,BB309 (switched in sequencing),"Plate 4, 13G",,BB284,,RFC 10 (non-coding),RFC 10 (non-coding),BACKBONE,,MUTATED,IS4 family transposase insertion in BioBrick,CONFIRMED,Experience: Fails!
BB310_1,TRUE,508,BBa_J45319,2019-08-22_iSeq/reads,pSB1C3,,,BBa_J45319,310,BB310,,,TRUE,TRUE,biobrick.confirmed,Mina Kim,M2-6,,M2-6_S174_L001_R1_001.fastq.gz,M2-6_S174_L001_R2_001.fastq.gz,,,,,,,,,RFC 10 (non-coding),RFC 10 (non-coding),CONFIRMED,,CONFIRMED,,CONFIRMED,
BB310_4,TRUE,500,BBa_J45319,2019-08-22_iSeq/reads,pSB1C3,,,BBa_J45319,310,BB310,,,TRUE,TRUE,biobrick.confirmed,Mina Kim,M1-6,,M1-6_S166_L001_R1_001.fastq.gz,M1-6_S166_L001_R2_001.fastq.gz,,Reassigned Sequencing,BBa_J45319,BB310 (switched in sequencing),,,BB286,,RFC 10 (non-coding),RFC 10 (non-coding),CONFIRMED,,CONFIRMED,,CONFIRMED,
BB311_1,TRUE,509,BBa_I712669,2019-08-22_iSeq/reads,pSB1C3,,,BBa_I712669,311,BB311,,,TRUE,TRUE,biobrick.minor.discrepancy,Mina Kim,M2-7,,M2-7_S175_L001_R1_001.fastq.gz,M2-7_S175_L001_R2_001.fastq.gz,,,,,,,,,RFC 23,RFC 23,CONFIRMED,,MINOR.DISCREPANCY,"2725 Δ1 bp, 2731 +A",CONFIRMED,
BB311_4,TRUE,501,BBa_I712669,2019-08-22_iSeq/reads,pSB1C3,,,BBa_I712669,311,BB311,,,TRUE,TRUE,biobrick.confirmed,Mina Kim,M1-7,,M1-7_S167_L001_R1_001.fastq.gz,M1-7_S167_L001_R2_001.fastq.gz,,Reassigned Sequencing,BBa_I712669_P4_13M,BB311 (switched in sequencing),,,BB288,,RFC 23,RFC 23,CONFIRMED,,MINOR.DISCREPANCY,"2725 Δ1 bp, 2731 +A",CONFIRMED,
BB312_1,TRUE,510,BBa_I761014,2019-08-22_iSeq/reads,pSB1C3,,,BBa_I761014,312,BB312,,,TRUE,TRUE,biobrick.confirmed,Mina Kim,M2-8,,M2-8_S176_L001_R1_001.fastq.gz,M2-8_S176_L001_R2_001.fastq.gz,,,,,,,,,RFC 10 (non-coding),RFC 10 (non-coding),BACKBONE,1912 C→T,CONFIRMED,,CONFIRMED,
BB312_4,TRUE,502,BBa_I761014,2019-08-22_iSeq/reads,pSB1C3,,,BBa_I761014,312,BB312,,,TRUE,TRUE,biobrick.confirmed,Mina Kim,M1-8,,M1-8_S168_L001_R1_001.fastq.gz,M1-8_S168_L001_R2_001.fastq.gz,,Reassigned Sequencing,BBa_I761014,BB312 (switched in sequencing),,,BB289,,RFC 10 (non-coding),RFC 10 (non-coding),BACKBONE,1912 C→T,CONFIRMED,,CONFIRMED,
BB314_1,TRUE,511,BBa_K115001,2019-08-22_iSeq/reads,pSB1C3,,,BBa_K115001,314,BB314,,,TRUE,TRUE,biobrick.confirmed,Mina Kim,M3-1,,M3-1_S177_L001_R1_001.fastq.gz,M3-1_S177_L001_R2_001.fastq.gz,,,,,,,,,RFC 10 (non-coding),RFC 10 (non-coding),CONFIRMED,,CONFIRMED,,CONFIRMED,
BB315_1,TRUE,512,BBa_K115002,2019-08-22_iSeq/reads,pSB1C3,,,BBa_K115002,315,BB315,,,TRUE,TRUE,biobrick.confirmed,Mina Kim,M3-2,,M3-2_S178_L001_R1_001.fastq.gz,M3-2_S178_L001_R2_001.fastq.gz,,,,,,,,,RFC 10 (non-coding),RFC 10 (non-coding),CONFIRMED,,CONFIRMED,,CONFIRMED,
BB318_1,TRUE,513,BBa_K588001,2019-08-22_iSeq/reads,pSB1C3,,,BBa_K588001,318,BB318,,,TRUE,TRUE,biobrick.confirmed,Mina Kim,M3-3,,M3-3_S179_L001_R1_001.fastq.gz,M3-3_S179_L001_R2_001.fastq.gz,,,,,,,,,RFC 10 (non-coding),RFC 10 (non-coding),DISCREPANCY,"Mutation in BioBrick suffic 1 2 bp→CA, 7 T→C",CONFIRMED,,CONFIRMED,
BB320_1,TRUE,514,BBa_K515100,2019-08-22_iSeq/reads,pSB1C3,,,BBa_K515100,320,BB320,,,TRUE,TRUE,biobrick.confirmed,Mina Kim,M3-4,,M3-4_S180_L001_R1_001.fastq.gz,M3-4_S180_L001_R2_001.fastq.gz,,,,,,,,,RFC 10 (non-coding),RFC 10 (non-coding),CONFIRMED,,CONFIRMED,,CONFIRMED,
BB322_1,TRUE,515,BBa_K611025,2019-08-22_iSeq/reads,pSB1C3,pSB1C3,,BBa_K611025,322,BB322,BB561,,TRUE,TRUE,biobrick.confirmed,Mina Kim,M3-5,,M3-5_S181_L001_R1_001.fastq.gz,M3-5_S181_L001_R2_001.fastq.gz,,,,,,,,,RFC 10 (non-coding),RFC 10 (non-coding),CONFIRMED,,CONFIRMED,,CONFIRMED,
BB323_N,TRUE,622,BB323,2023-03-13_Plasmidsaurus_iGEM2019/Dwenger_n2d_raw_reads,pSB1C3,,,BBa_K523013,323,BB323,,,TRUE,FALSE,not.sequenced,"Jeff Barrick, Jack Dwnger",BB323-N,Dwenger_n2d_11_323.fastq.gz,,,,,,,,,,,RFC 10 (non-coding),RFC 10 (non-coding),CONFIRMED,,CONFIRMED,,,
BB324_1,TRUE,516,BBa_K611026,2019-08-22_iSeq/reads,pSB1C3,,,BBa_K611026,324,BB324,,,TRUE,TRUE,biobrick.confirmed,Mina Kim,M3-6,,M3-6_S182_L001_R1_001.fastq.gz,M3-6_S182_L001_R2_001.fastq.gz,,,,,,,,,RFC 10 (non-coding),RFC 10 (non-coding),CONFIRMED,,CONFIRMED,,CONFIRMED,
BB325_1,TRUE,375,BBa_K523014,2019-08-22_iSeq/reads,pSB1C3,,,BBa_K523014,325,BB325,,,TRUE,TRUE,biobrick.confirmed,Noor Radde,R1-1,,R1-1_S41_L001_R1_001.fastq.gz,R1-1_S41_L001_R2_001.fastq.gz,,,,,,,,,RFC 10 (non-coding),RFC 10 (non-coding),DISCREPANCY,1599 C→A,CONFIRMED,,CONFIRMED,
BB326_1,TRUE,376,BBa_K569017,2019-08-22_iSeq/reads,pSB1C3,,,BBa_K569017,326,BB326,,,TRUE,TRUE,biobrick.confirmed,Noor Radde,R1-2,,R1-2_S42_L001_R1_001.fastq.gz,R1-2_S42_L001_R2_001.fastq.gz,,,,,,,,,RFC 23,RFC 23,CONFIRMED,,CONFIRMED,,CONFIRMED,
BB327_1,TRUE,377,BBa_K523015,2019-08-22_iSeq/reads,pSB1C3,,,BBa_K523015,327,BB327,,,TRUE,TRUE,biobrick.minor.discrepancy,Noor Radde,R1-3,,R1-3_S43_L001_R1_001.fastq.gz,R1-3_S43_L001_R2_001.fastq.gz,,,,,,,,,RFC 10 (non-coding),RFC 10 (non-coding),CONFIRMED,,MINOR.DISCREPANCY,3681 2 bp→CG,CONFIRMED,
BB328_1,TRUE,378,BBa_K523020,2019-08-22_iSeq/reads,pSB1C3,,,BBa_K523020,328,BB328,,,TRUE,TRUE,biobrick.major.discrepancy,Noor Radde,R1-4,,R1-4_S44_L001_R1_001.fastq.gz,R1-4_S44_L001_R2_001.fastq.gz,,,,,,,,,RFC 10 (non-coding),RFC 10 (non-coding),DISCREPANCY,2019 (A)8→9,MUTATED,"Deletion seems to be in the middle of the fusion protein, 3671 Δ53 bp, 4249 G→A",CONFIRMED,Warning: Part submitted to Registry is believed to contain major errors
BB329_1,TRUE,379,BBa_K617004,2019-08-22_iSeq/reads,pSB1C3,,,BBa_K617004,329,BB329,,,TRUE,TRUE,biobrick.confirmed,Noor Radde,R1-5,,R1-5_S45_L001_R1_001.fastq.gz,R1-5_S45_L001_R2_001.fastq.gz,,,,,,,,,RFC 10 (non-coding),RFC 10 (non-coding),CONFIRMED,,CONFIRMED,,CONFIRMED,
BB330_1,TRUE,463,BBa_K523022,2019-08-22_iSeq/reads,pSB1C3,,,BBa_K523022,330,BB330,,,TRUE,TRUE,biobrick.major.discrepancy,Angela Pak,A1-1,,A1-1_S129_L001_R1_001.fastq.gz,A1-1_S129_L001_R2_001.fastq.gz,,,,,,,,,RFC 10 (non-coding),RFC 10 (non-coding),DISCREPANCY,1141 A→G,MUTATED,2696 Δ918 bp,CONFIRMED,
BB331_1,TRUE,487,BBa_S04602,2019-08-22_iSeq/reads,pSB1C3,,,BBa_S04602,331,BB331,,,TRUE,TRUE,biobrick.confirmed,Angela Pak,A4-1,,A4-1_S153_L001_R1_001.fastq.gz,A4-1_S153_L001_R2_001.fastq.gz,,,,,,,,,RFC 10 (non-coding),RFC 10 (non-coding),CONFIRMED,,CONFIRMED,,CONFIRMED,
BB337_1,TRUE,478,BBa_K516011,2019-08-22_iSeq/reads,pSB1C3,,,BBa_K516011,337,BB337,,,TRUE,TRUE,biobrick.confirmed,Angela Pak,A2-8,,A2-8_S144_L001_R1_001.fastq.gz,A2-8_S144_L001_R2_001.fastq.gz,,,,,,,,,RFC 10 (non-coding),RFC 10 (non-coding),CONFIRMED,,CONFIRMED,,CONFIRMED,
BB338_1,TRUE,479,BBa_K817023,2019-08-22_iSeq/reads,pSB1C3,,,BBa_K817023,338,BB338,,,TRUE,TRUE,biobrick.confirmed,Angela Pak,A3-1,,A3-1_S145_L001_R1_001.fastq.gz,A3-1_S145_L001_R2_001.fastq.gz,,,,,,,,,RFC 10 (non-coding),RFC 10 (non-coding),CONFIRMED,,CONFIRMED,,CONFIRMED,
BB339_1,TRUE,480,BBa_K516030,2019-08-22_iSeq/reads,pSB1C3,,,BBa_K516030,339,BB339,,,TRUE,TRUE,biobrick.confirmed,Angela Pak,A3-2,,A3-2_S146_L001_R1_001.fastq.gz,A3-2_S146_L001_R2_001.fastq.gz,,,,,,,,,RFC 10 (non-coding),RFC 10 (non-coding),CONFIRMED,,CONFIRMED,,CONFIRMED,
BB340_1,TRUE,481,BBa_K817024,2019-08-22_iSeq/reads,pSB1C3,,,BBa_K817024,340,BB340,,,TRUE,TRUE,biobrick.confirmed,Angela Pak,A3-3,,A3-3_S147_L001_R1_001.fastq.gz,A3-3_S147_L001_R2_001.fastq.gz,,,,,,,,,RFC 10 (non-coding),RFC 10 (non-coding),CONFIRMED,,CONFIRMED,,CONFIRMED,
BB341_1,TRUE,466,BBa_K516031,2019-08-22_iSeq/reads,pSB1C3,,,BBa_K516031,341,BB341,,,TRUE,TRUE,biobrick.confirmed,Angela Pak,A1-4,,A1-4_S132_L001_R1_001.fastq.gz,A1-4_S132_L001_R2_001.fastq.gz,,,,,,,,,RFC 10 (non-coding),RFC 10 (non-coding),CONFIRMED,,CONFIRMED,,CONFIRMED,
BB342_1,TRUE,467,BBa_K763001,2019-08-22_iSeq/reads,pSB1C3,,,BBa_K763001,342,BB342,,,TRUE,TRUE,biobrick.confirmed,Angela Pak,A1-5,,A1-5_S133_L001_R1_001.fastq.gz,A1-5_S133_L001_R2_001.fastq.gz,,,,,,,,,RFC 10 (non-coding),RFC 10 (non-coding),CONFIRMED,,CONFIRMED,,CONFIRMED,
BB345_1,TRUE,484,BBa_K516022,2019-08-22_iSeq/reads,pSB1C3,,,BBa_K516022,345,BB345,,,TRUE,TRUE,biobrick.confirmed,Angela Pak,A3-6,,A3-6_S150_L001_R1_001.fastq.gz,A3-6_S150_L001_R2_001.fastq.gz,,,,,,,,,RFC 10 (non-coding),RFC 10 (non-coding),CONFIRMED,,CONFIRMED,,CONFIRMED,
BB346_1,TRUE,485,BBa_K523023,2019-08-22_iSeq/reads,pSB1C3,,,BBa_K523023,346,BB346,,,TRUE,TRUE,biobrick.confirmed,Angela Pak,A3-7,,A3-7_S151_L001_R1_001.fastq.gz,A3-7_S151_L001_R2_001.fastq.gz,,,,,,,,,RFC 10 (non-coding),RFC 10 (non-coding),CONFIRMED,,CONFIRMED,,CONFIRMED,
BB362_N,TRUE,627,BB362,2023-03-13_Plasmidsaurus_iGEM2019/Dwenger_n2d_raw_reads,pSB1C3,,,BBa_K880005,362,BB362,,,TRUE,FALSE,not.sequenced,"Jeff Barrick, Jack Dwnger",BB362-N,Dwenger_n2d_12_362.fastq.gz,,,,,,,,,,,RFC 10 (non-coding),RFC 10 (non-coding),CONFIRMED,,CONFIRMED,,,
BB373_1,TRUE,141,BBa_J23117,2019-08-07_iSeq/reads,BBa_J61002,,,BBa_J23117,373,BB373,,,FALSE,NA,NA,Diya Bhat,D5-7,,D5-7_S39_L001_R1_001.fastq.gz,D5-7_S39_L001_R2_001.fastq.gz,,,,,,,,,Anderson Promoter Series,Anderson Promoter Series,DISCREPANCY,"1047 T→C, 1482 G→A, 2915 A→T",CONFIRMED,,,
BB373_2,TRUE,285,BBa_J23117,2019-08-07_iSeq/reads,BBa_J61002,,,BBa_J23117,373,BB373,,,FALSE,NA,NA,Mina Kim,M3-7,,M3-7_S183_L001_R1_001.fastq.gz,M3-7_S183_L001_R2_001.fastq.gz,,,,,,,,,Anderson Promoter Series,Anderson Promoter Series,DISCREPANCY,"1047 T→C, 1482 G→A, 2915 A→T",CONFIRMED,,,
BB373_3,TRUE,373,BBa_J23117,2019-08-22_iSeq/reads,BBa_J61002,,,BBa_J23117,373,BB373,,,FALSE,NA,NA,Diya Bhat,D5-7,,D5-7_S39_L001_R1_001.fastq.gz,D5-7_S39_L001_R2_001.fastq.gz,,,,,,,,,Anderson Promoter Series,Anderson Promoter Series,DISCREPANCY,"1047 T→C, 1482 G→A, 2915 A→T",CONFIRMED,,,
BB373_4,TRUE,517,BBa_J23117,2019-08-22_iSeq/reads,BBa_J61002,,,BBa_J23117,373,BB373,,,FALSE,NA,NA,Mina Kim,M3-7,,M3-7_S183_L001_R1_001.fastq.gz,M3-7_S183_L001_R2_001.fastq.gz,,,,,,,,,Anderson Promoter Series,Anderson Promoter Series,DISCREPANCY,"1047 T→C, 1482 G→A, 2915 A→T",CONFIRMED,,,
BB376_1,TRUE,380,BBa_R0079,2019-08-22_iSeq/reads,pSB1A2,,,BBa_R0079,376,BB376,,,TRUE,TRUE,biobrick.confirmed,Noor Radde,R1-6,,R1-6_S46_L001_R1_001.fastq.gz,R1-6_S46_L001_R2_001.fastq.gz,,,,,,,,,RFC 10 (non-coding),RFC 10 (non-coding),DISCREPANCY,"204 T→C, 639  G→A",CONFIRMED,,CONFIRMED,
BB377_1,TRUE,381,BBa_R0071,2019-08-22_iSeq/reads,pSB1A2,,,BBa_R0071,377,BB377,,,TRUE,TRUE,biobrick.confirmed,Noor Radde,R1-7,,R1-7_S47_L001_R1_001.fastq.gz,R1-7_S47_L001_R2_001.fastq.gz,,,,,,,,,RFC 10 (non-coding),RFC 10 (non-coding),DISCREPANCY,"204 T→C, 639  G→A",CONFIRMED,,CONFIRMED,
BB378_1,TRUE,382,BBa_R0080,2019-08-22_iSeq/reads,pSB1A2,,,BBa_R0080,378,BB378,,,TRUE,TRUE,biobrick.confirmed,Noor Radde,R1-8,,R1-8_S48_L001_R1_001.fastq.gz,R1-8_S48_L001_R2_001.fastq.gz,,,,,,,,,RFC 10 (non-coding),RFC 10 (non-coding),DISCREPANCY,"204 T→C, 639  G→A",CONFIRMED,,CONFIRMED,
BB379_1,TRUE,383,BBa_I13602,2019-08-22_iSeq/reads,pSB1A2,,,BBa_I13602,379,BB379,,,TRUE,TRUE,biobrick.confirmed,Noor Radde,R2-1,,R2-1_S49_L001_R1_001.fastq.gz,R2-1_S49_L001_R2_001.fastq.gz,,,,,,,,,RFC 10 (non-coding),RFC 10 (non-coding),DISCREPANCY,"204 T→C, 639  G→A",CONFIRMED,,CONFIRMED,
BB382_1,TRUE,384,BBa_I0466,2019-08-22_iSeq/reads,pSB1A2,,,BBa_I0466,382,BB382,,,TRUE,TRUE,biobrick.confirmed,Noor Radde,R2-2,,R2-2_S50_L001_R1_001.fastq.gz,R2-2_S50_L001_R2_001.fastq.gz,,,,,,,,,RFC 10 (non-coding),RFC 10 (non-coding),DISCREPANCY,"204 T→C, 639  G→A",CONFIRMED,,CONFIRMED,
BB383_1,TRUE,385,BBa_C0261,2019-08-22_iSeq/reads,pSB1A2,,,BBa_C0261,383,BB383,,,TRUE,TRUE,biobrick.confirmed,Noor Radde,R2-3,,R2-3_S51_L001_R1_001.fastq.gz,R2-3_S51_L001_R2_001.fastq.gz,,,,,,,,,RFC 10 (non-coding),RFC 10 (non-coding),DISCREPANCY,"204 T→C, 639  G→A",CONFIRMED,,CONFIRMED,
BB386_1,TRUE,386,BBa_E0024,2019-08-22_iSeq/reads,pSB1A2,,,BBa_E0024,386,BB386,,,TRUE,TRUE,biobrick.confirmed,Noor Radde,R2-4,,R2-4_S52_L001_R1_001.fastq.gz,R2-4_S52_L001_R2_001.fastq.gz,,,,,,,,,RFC 10 (protein-coding),RFC 10 (protein-coding),DISCREPANCY,"204 T→C, 639  G→A",CONFIRMED,,CONFIRMED,
BB388_1,TRUE,387,BBa_E0034,2019-08-22_iSeq/reads,pSB1A2,,,BBa_E0034,388,BB388,,,TRUE,TRUE,biobrick.confirmed,Noor Radde,R2-5,,R2-5_S53_L001_R1_001.fastq.gz,R2-5_S53_L001_R2_001.fastq.gz,,,,,,,,,RFC 10 (protein-coding),RFC 10 (protein-coding),DISCREPANCY,"204 T→C, 639  G→A",CONFIRMED,,CONFIRMED,
BB389_1,TRUE,388,BBa_C0160,2019-08-22_iSeq/reads,pSB1A2,,,BBa_C0160,389,BB389,,,TRUE,TRUE,biobrick.confirmed,Noor Radde,R2-6,,R2-6_S54_L001_R1_001.fastq.gz,R2-6_S54_L001_R2_001.fastq.gz,,,,,,,,,RFC 10 (protein-coding),RFC 10 (protein-coding),DISCREPANCY,"204 T→C, 639  G→A",CONFIRMED,,CONFIRMED,
BB392_1,TRUE,389,BBa_I13601,2019-08-22_iSeq/reads,pSB1A2,,,BBa_I13601,392,BB392,,,TRUE,TRUE,biobrick.major.discrepancy,Noor Radde,R2-7,,R2-7_S55_L001_R1_001.fastq.gz,R2-7_S55_L001_R2_001.fastq.gz,,,,,,,,,RFC 10 (protein-coding),RFC 10 (protein-coding),DISCREPANCY,"204 T→C, 639  G→A",MINOR.DISCREPANCY,"2080 41 bp→41 bp, 2134  Δ1 bp, 2877 +39 bp",CONFIRMED,
BB396_1,TRUE,391,BBa_K541503,2019-08-22_iSeq/reads,pSB1C3,,,BBa_K541503,396,BB396,,,TRUE,TRUE,biobrick.confirmed,Noor Radde,R3-1,,R3-1_S57_L001_R1_001.fastq.gz,R3-1_S57_L001_R2_001.fastq.gz,,,,,,,,,RFC 10 (non-coding),RFC 10 (non-coding),CONFIRMED,,CONFIRMED,,CONFIRMED,
BB397_1,TRUE,392,BBa_K738002,2019-08-22_iSeq/reads,pSB1C3,,,BBa_K738002,397,BB397,,,TRUE,TRUE,biobrick.confirmed,Noor Radde,R3-2,,R3-2_S58_L001_R1_001.fastq.gz,R3-2_S58_L001_R2_001.fastq.gz,,,,,,,,,RFC 10 (non-coding),RFC 10 (non-coding),CONFIRMED,,CONFIRMED,,CONFIRMED,
BB398_1,TRUE,393,BBa_K541505,2019-08-22_iSeq/reads,pSB1C3,,,BBa_K541505,398,BB398,,,TRUE,TRUE,biobrick.confirmed,Noor Radde,R3-3,,R3-3_S59_L001_R1_001.fastq.gz,R3-3_S59_L001_R2_001.fastq.gz,,,,,,,,,RFC 10 (protein-coding),RFC 10 (protein-coding),CONFIRMED,,CONFIRMED,,CONFIRMED,
BB399_1,TRUE,394,BBa_K863206,2019-08-22_iSeq/reads,pSB1C3,,,BBa_K863206,399,BB399,,,TRUE,TRUE,biobrick.confirmed,Noor Radde,R3-4,,R3-4_S60_L001_R1_001.fastq.gz,R3-4_S60_L001_R2_001.fastq.gz,,,,,,,,,RFC 10 (non-coding),RFC 10 (non-coding),CONFIRMED,,CONFIRMED,,CONFIRMED,
BB400_1,TRUE,395,BBa_K541506,2019-08-22_iSeq/reads,pSB1C3,,,BBa_K541506,400,BB400,,,TRUE,TRUE,biobrick.confirmed,Noor Radde,R3-5,,R3-5_S61_L001_R1_001.fastq.gz,R3-5_S61_L001_R2_001.fastq.gz,,,,,,,,,RFC 10 (protein-coding),RFC 10 (protein-coding),CONFIRMED,,CONFIRMED,,CONFIRMED,
BB401_1,TRUE,396,BBa_K875009,2019-08-22_iSeq/reads,pSB1C3,,,BBa_K875009,401,BB401,,,TRUE,TRUE,biobrick.minor.discrepancy,Noor Radde,R3-6,,R3-6_S62_L001_R1_001.fastq.gz,R3-6_S62_L001_R2_001.fastq.gz,,,,,,,,,RFC 10 (protein-coding),RFC 10 (protein-coding),CONFIRMED,,CONFIRMED,,CONFIRMED,
BB402_1,TRUE,397,BBa_K541526,2019-08-22_iSeq/reads,pSB1C3,,,BBa_K541526,402,BB402,,,TRUE,TRUE,biobrick.confirmed,Noor Radde,R3-7,,R3-7_S63_L001_R1_001.fastq.gz,R3-7_S63_L001_R2_001.fastq.gz,,,,,,,,,RFC 10 (protein-coding),RFC 10 (protein-coding),CONFIRMED,,CONFIRMED,,CONFIRMED,
BB403_1,TRUE,398,BBa_K895000,2019-08-22_iSeq/reads,pSB1C3,,,BBa_K895000,403,BB403,,,TRUE,TRUE,biobrick.confirmed,Noor Radde,R3-8,,R3-8_S64_L001_R1_001.fastq.gz,R3-8_S64_L001_R2_001.fastq.gz,,,,,,,,,RFC 10 (non-coding),RFC 10 (non-coding),CONFIRMED,,CONFIRMED,,CONFIRMED,
BB404_1,TRUE,399,BBa_K592020,2019-08-22_iSeq/reads,pSB1C3,,,BBa_K592020,404,BB404,,,TRUE,TRUE,biobrick.minor.discrepancy,Noor Radde,R4-1,,R4-1_S65_L001_R1_001.fastq.gz,R4-1_S65_L001_R2_001.fastq.gz,,,,,,,,,RFC 10 (non-coding),RFC 10 (non-coding),CONFIRMED,,MINOR.DISCREPANCY,3309 T→C,CONFIRMED,
BB405_1,TRUE,400,BBa_K581008,2019-08-22_iSeq/reads,pSB1C3,,,BBa_K581008,405,BB405,,,TRUE,TRUE,biobrick.confirmed,Noor Radde,R4-2,,R4-2_S66_L001_R1_001.fastq.gz,R4-2_S66_L001_R2_001.fastq.gz,,,,,,,,,RFC 10 (non-coding),RFC 10 (non-coding),CONFIRMED,,MINOR.DISCREPANCY,Duplication of 2054-2530,CONFIRMED,
BB408_1,TRUE,519,BBa_K118005,2019-08-22_iSeq/reads,pSB1C3,pSB1A2,,BBa_K118005,408,BB408,BB584,,TRUE,FALSE,not.sequenced,Mina Kim,M4-1,,M4-1_S185_L001_R1_001.fastq.gz,M4-1_S185_L001_R2_001.fastq.gz,,Reassigned BioBrick,BBa_K118005,NA,"Plate 1, 8P",,,"plate 2, 3P",RFC 10 (non-coding),RFC 10 (non-coding),CONFIRMED,,CONFIRMED,,CONFIRMED,
BB408_N,TRUE,633,BB408,2023-03-13_Plasmidsaurus_iGEM2019/Dwenger_n2d_raw_reads,pSB1C3,,,BBa_K118005,408,BB408,,,TRUE,FALSE,not.sequenced,"Jeff Barrick, Jack Dwnger",BB408-N,Dwenger_n2d_13_408.fastq.gz,,,,Reassigned BioBrick,BBa_K118005,NA,"Plate 1, 8P",,,"plate 2, 3P",RFC 10 (non-coding),RFC 10 (non-coding),CONFIRMED,,CONFIRMED,,CONFIRMED,
BB411_1,TRUE,521,BBa_K1031410,2019-08-22_iSeq/reads,pSB1C3,,,BBa_K1031410,411,BB411,,,TRUE,FALSE,not.sequenced,Mina Kim,M4-3,,M4-3_S187_L001_R1_001.fastq.gz,M4-3_S187_L001_R2_001.fastq.gz,,Reassigned BioBrick,BBa_K1031410,Unknown,"Plate 4, 6A",,,"plate 2, 4C",RFC 10 (protein-coding),RFC 10 (protein-coding),DISCREPANCY,"2,070 G→ATT",CONFIRMED,,CONFIRMED,
BB411_N,TRUE,635,BB411,2023-03-13_Plasmidsaurus_iGEM2019/Dwenger_n2d_raw_reads,pSB1C3,,,BBa_K1031410,411,BB411,,,TRUE,FALSE,not.sequenced,"Jeff Barrick, Jack Dwnger",BB411-N,Dwenger_n2d_15_411.fastq.gz,,,,Reassigned BioBrick,BBa_K1031410,Unknown,"Plate 4, 6A",,,"plate 2, 4C",RFC 10 (protein-coding),RFC 10 (protein-coding),DISCREPANCY,"2,070 G→ATT",CONFIRMED,,CONFIRMED,Has a mutation in the BioBrick prefix
BB418_1,TRUE,490,BBa_K539421,2019-08-22_iSeq/reads,pSB1C3,,,BBa_K539421,418,BB418,,,TRUE,TRUE,biobrick.confirmed,Angela Pak,A4-4,,A4-4_S156_L001_R1_001.fastq.gz,A4-4_S156_L001_R2_001.fastq.gz,,,,,,,,,RFC 10 (non-coding),RFC 10 (non-coding),CONFIRMED,,CONFIRMED,,CONFIRMED,
BB420_1,TRUE,468,BBa_K539119,2019-08-22_iSeq/reads,pSB1C3,,,BBa_K539119,420,BB420,,,TRUE,TRUE,biobrick.confirmed,Angela Pak,A1-6,,A1-6_S134_L001_R1_001.fastq.gz,A1-6_S134_L001_R2_001.fastq.gz,,,,,,,,,RFC 10 (protein-coding),RFC 10 (protein-coding),CONFIRMED,,CONFIRMED,,CONFIRMED,
BB421_1,TRUE,469,BBa_K517003,2019-08-22_iSeq/reads,pSB1C3,,,BBa_K517003,421,BB421,,,TRUE,TRUE,biobrick.minor.discrepancy,Angela Pak,A1-7,,A1-7_S135_L001_R1_001.fastq.gz,A1-7_S135_L001_R2_001.fastq.gz,,,,,,,,,RFC 10 (protein-coding),RFC 10 (protein-coding),CONFIRMED,,MINOR.DISCREPANCY,"2950, C→T",CONFIRMED,
BB422_1,TRUE,470,BBa_K517005,2019-08-22_iSeq/reads,pSB1C3,,,BBa_K517005,422,BB422,,,TRUE,TRUE,biobrick.minor.discrepancy,Angela Pak,A1-8,,A1-8_S136_L001_R1_001.fastq.gz,A1-8_S136_L001_R2_001.fastq.gz,,,,,,,,,RFC 10 (protein-coding),RFC 10 (protein-coding),DISCREPANCY,2695 +T,MINOR.DISCREPANCY,"2,722 Δ1 bp",CONFIRMED,
BB423_1,TRUE,491,BBa_K519010,2019-08-22_iSeq/reads,pSB1C3,,,BBa_K519010,423,BB423,,,TRUE,TRUE,biobrick.confirmed,Angela Pak,A4-5,,A4-5_S157_L001_R1_001.fastq.gz,A4-5_S157_L001_R2_001.fastq.gz,,,,,,,,,RFC 10 (protein-coding),RFC 10 (protein-coding),DISCREPANCY,2063 T→A,CONFIRMED,,CONFIRMED,
BB424_1,TRUE,471,BBa_K861173,2019-08-22_iSeq/reads,pSB1C3,pSB1C3,pSB1C3,BBa_K861173,424,BB424,BB7,BB8,TRUE,FALSE,not.sequenced,Angela Pak,A2-1,,A2-1_S137_L001_R1_001.fastq.gz,A2-1_S137_L001_R2_001.fastq.gz,,,,,,,,,RFC 10 (non-coding),RFC 10 (non-coding),CONFIRMED,,CONFIRMED,,CONFIRMED,
BB425_1,TRUE,472,BBa_K540001,2019-08-22_iSeq/reads,pSB1C3,,,BBa_K540001,425,BB425,,,TRUE,TRUE,biobrick.confirmed,Angela Pak,A2-2,,A2-2_S138_L001_R1_001.fastq.gz,A2-2_S138_L001_R2_001.fastq.gz,,,,,,,,,RFC 10 (non-coding),RFC 10 (non-coding),DISCREPANCY,2054 +43 bp,CONFIRMED,,CONFIRMED,
BB521_1,TRUE,475,BBa_K577894,2019-08-22_iSeq/reads,pSB1C3,,,BBa_K577894,521,BB521,,,TRUE,TRUE,biobrick.confirmed,Angela Pak,A2-5,,A2-5_S141_L001_R1_001.fastq.gz,A2-5_S141_L001_R2_001.fastq.gz,,,,,,,,,RFC 10 (non-coding),RFC 10 (non-coding),CONFIRMED,,CONFIRMED,,CONFIRMED,
BB523_1,TRUE,476,BBa_K895004,2019-08-22_iSeq/reads,pSB1C3,,,BBa_K895004,523,BB523,,,TRUE,TRUE,biobrick.confirmed,Angela Pak,A2-6,,A2-6_S142_L001_R1_001.fastq.gz,A2-6_S142_L001_R2_001.fastq.gz,,,,,,,,,RFC 10 (protein-coding),RFC 10 (protein-coding),CONFIRMED,,CONFIRMED,,CONFIRMED,
BB524_1,TRUE,494,BBa_K861090,2019-08-22_iSeq/reads,pSB1C3,,,BBa_K861090,524,BB524,,,TRUE,TRUE,biobrick.confirmed,Angela Pak,A4-8,,A4-8_S160_L001_R1_001.fastq.gz,A4-8_S160_L001_R2_001.fastq.gz,,,,,,,,,RFC 23,RFC 23,CONFIRMED,,CONFIRMED,,CONFIRMED,
BB525_N,TRUE,632,BB525,2023-03-13_Plasmidsaurus_iGEM2019/Dwenger_n2d_raw_reads,pSB1C3,,,BBa_K861172,525,BB525,,,TRUE,FALSE,not.sequenced,"Jeff Barrick, Jack Dwnger",BB525-N,Dwenger_n2d_16_525.fastq.gz,,,,,,,,,,,RFC 10 (non-coding),RFC 10 (non-coding),CONFIRMED,,CONFIRMED,,CONFIRMED,
BB526_1,TRUE,335,BBa_K747018,2019-08-22_iSeq/reads,pSB1C3,,,BBa_K747018,526,BB526,,,TRUE,TRUE,biobrick.confirmed,Diya Bhat,D1- 1,,D1-1_S1_L001_R1_001.fastq.gz,D1-1_S1_L001_R2_001.fastq.gz,,,,,,,,,RFC 10 (non-coding),RFC 10 (non-coding),DISCREPANCY,1385 G→C,CONFIRMED,,CONFIRMED,
BB527_1,TRUE,336,BBa_R0040,2019-08-22_iSeq/reads,pSB1C3,pSB1A2,pSB1C3,BBa_R0040,527,BB527,BB192,BB551,TRUE,FALSE,not.sequenced,Diya Bhat,D1- 2,,D1-2_S2_L001_R1_001.fastq.gz,D1-2_S2_L001_R2_001.fastq.gz,,,,,,,,,RFC 10 (non-coding),RFC 10 (non-coding),CONFIRMED,,CONFIRMED,,CONFIRMED,
BB528_1,TRUE,337,BBa_K747019,2019-08-22_iSeq/reads,pSB1C3,,,BBa_K747019,528,BB528,,,TRUE,TRUE,biobrick.confirmed,Diya Bhat,D1- 3,,D1-3_S3_L001_R1_001.fastq.gz,D1-3_S3_L001_R2_001.fastq.gz,,,,,,,,,RFC 10 (non-coding),RFC 10 (non-coding),DISCREPANCY,1385 G→C,CONFIRMED,,CONFIRMED,
BB529_1,TRUE,338,BBa_R0062,2019-08-22_iSeq/reads,pSB1C3,pSB1A2,,BBa_R0062,529,BB529,BB196,,TRUE,FALSE,not.sequenced,Diya Bhat,D1- 4,,D1-4_S4_L001_R1_001.fastq.gz,D1-4_S4_L001_R2_001.fastq.gz,,,,,,,,,RFC 10 (non-coding),RFC 10 (non-coding),CONFIRMED,,CONFIRMED,,CONFIRMED,
BB530_1,TRUE,339,BBa_K747020,2019-08-22_iSeq/reads,pSB1C3,,,BBa_K747020,530,BB530,,,TRUE,TRUE,biobrick.confirmed,Diya Bhat,D1- 5,,D1-5_S5_L001_R1_001.fastq.gz,D1-5_S5_L001_R2_001.fastq.gz,,,,,,,,,RFC 10 (non-coding),RFC 10 (non-coding),DISCREPANCY,1385 G→C,CONFIRMED,,CONFIRMED,
BB531_1,TRUE,340,BBa_R0063,2019-08-22_iSeq/reads,pSB1C3,pSB1A2,,BBa_R0063,531,BB531,BB291,,TRUE,TRUE,biobrick.confirmed,Diya Bhat,D1- 6,,D1-6_S6_L001_R1_001.fastq.gz,D1-6_S6_L001_R2_001.fastq.gz,,,,,,,,,RFC 10 (non-coding),RFC 10 (non-coding),DISCREPANCY,"1973 	C→T",CONFIRMED,,CONFIRMED,
BB532_1,TRUE,341,BBa_K747021,2019-08-22_iSeq/reads,pSB1C3,,,BBa_K747021,532,BB532,,,TRUE,TRUE,biobrick.confirmed,Diya Bhat,D1- 7,,D1-7_S7_L001_R1_001.fastq.gz,D1-7_S7_L001_R2_001.fastq.gz,,,,,,,,,RFC 10 (non-coding),RFC 10 (non-coding),DISCREPANCY,1385 G→C,CONFIRMED,,CONFIRMED,
BB533_1,TRUE,342,BBa_R0065,2019-08-22_iSeq/reads,pSB1C3,pSB1A2,,BBa_R0065,533,BB533,BB293,,TRUE,TRUE,biobrick.confirmed,Diya Bhat,D1- 8,,D1-8_S8_L001_R1_001.fastq.gz,D1-8_S8_L001_R2_001.fastq.gz,,,,,,,,,RFC 10 (non-coding),RFC 10 (non-coding),CONFIRMED,,CONFIRMED,,CONFIRMED,
BB534_1,TRUE,343,BBa_K747022,2019-08-22_iSeq/reads,pSB1C3,,,BBa_K747022,534,BB534,,,TRUE,TRUE,biobrick.confirmed,Diya Bhat,D2-1,,D2-1_S9_L001_R1_001.fastq.gz,D2-1_S9_L001_R2_001.fastq.gz,,,,,,,,,RFC 10 (non-coding),RFC 10 (non-coding),DISCREPANCY,1385 G→C,CONFIRMED,,CONFIRMED,
BB535_1,TRUE,344,BBa_R1062,2019-08-22_iSeq/reads,pSB1C3,pSB1A2,,BBa_R1062,535,BB535,BB297,,TRUE,FALSE,not.sequenced,Diya Bhat,D2-2,,D2-2_S10_L001_R1_001.fastq.gz,D2-2_S10_L001_R2_001.fastq.gz,,,,,,,,,RFC 10 (non-coding),RFC 10 (non-coding),DISCREPANCY,96 A→G,CONFIRMED,,CONFIRMED,
BB536_1,TRUE,345,BBa_K747023,2019-08-22_iSeq/reads,pSB1C3,,,BBa_K747023,536,BB536,,,TRUE,TRUE,biobrick.confirmed,Diya Bhat,D2-3,,D2-3_S11_L001_R1_001.fastq.gz,D2-3_S11_L001_R2_001.fastq.gz,,,,,,,,,RFC 10 (non-coding),RFC 10 (non-coding),DISCREPANCY,1385 G→C,CONFIRMED,,CONFIRMED,
BB537_1,TRUE,346,BBa_E0422,2019-08-22_iSeq/reads,pSB1C3,,,BBa_E0422,537,BB537,,,TRUE,TRUE,biobrick.confirmed,Diya Bhat,D2-4,,D2-4_S12_L001_R1_001.fastq.gz,D2-4_S12_L001_R2_001.fastq.gz,,,,,,,,,RFC 10 (non-coding),RFC 10 (non-coding),DISCREPANCY,"803 G→A, 1598 A→G",CONFIRMED,,CONFIRMED,
BB538_1,TRUE,347,BBa_K731520,2019-08-22_iSeq/reads,pSB1C3,,,BBa_K731520,538,BB538,,,TRUE,TRUE,biobrick.minor.discrepancy,Diya Bhat,D2-5,,D2-5_S13_L001_R1_001.fastq.gz,D2-5_S13_L001_R2_001.fastq.gz,,,,,,,,,RFC 10 (non-coding),RFC 10 (non-coding),CONFIRMED,,MINOR.DISCREPANCY,"3,309 +A",CONFIRMED,
BB539_1,TRUE,348,BBa_K844006,2019-08-22_iSeq/reads,pSB1C3,,,BBa_K844006,539,BB539,,,TRUE,TRUE,biobrick.confirmed,Diya Bhat,D2-6,,D2-6_S14_L001_R1_001.fastq.gz,D2-6_S14_L001_R2_001.fastq.gz,,,,,,,,,RFC 23,RFC 23,CONFIRMED,,CONFIRMED,,CONFIRMED,
BB540_1,TRUE,349,BBa_K808032,2019-08-22_iSeq/reads,pSB1C3,,,BBa_K808032,540,BB540,,,TRUE,TRUE,biobrick.minor.discrepancy,Diya Bhat,D2-7,,D2-7_S15_L001_R1_001.fastq.gz,D2-7_S15_L001_R2_001.fastq.gz,,,,,,,,,RFC 10 (non-coding),RFC 10 (non-coding),CONFIRMED,,MINOR.DISCREPANCY,3282 Δ2 bp,CONFIRMED,
BB541_1,TRUE,350,BBa_K844007,2019-08-22_iSeq/reads,pSB1C3,,,BBa_K844007,541,BB541,,,TRUE,TRUE,biobrick.confirmed,Diya Bhat,D2-8,,D2-8_S16_L001_R1_001.fastq.gz,D2-8_S16_L001_R2_001.fastq.gz,,,,,,,,,RFC 23,RFC 23,CONFIRMED,,CONFIRMED,,CONFIRMED,
BB542_1,TRUE,351,BBa_K808000,2019-08-22_iSeq/reads,pSB1C3,,,BBa_K808000,542,BB542,,,TRUE,TRUE,biobrick.confirmed,Diya Bhat,D3-1,,D3-1_S17_L001_R1_001.fastq.gz,D3-1_S17_L001_R2_001.fastq.gz,,,,,,,,,RFC 10 (non-coding),RFC 10 (non-coding),CONFIRMED,,CONFIRMED,,CONFIRMED,
BB543_1,TRUE,352,BBa_K844008,2019-08-22_iSeq/reads,pSB1C3,,,BBa_K844008,543,BB543,,,TRUE,TRUE,biobrick.confirmed,Diya Bhat,D3-2,,D3-2_S18_L001_R1_001.fastq.gz,D3-2_S18_L001_R2_001.fastq.gz,,,,,,,,,RFC 23,RFC 23,CONFIRMED,,CONFIRMED,,CONFIRMED,
BB554_N,TRUE,634,BB554,2023-03-13_Plasmidsaurus_iGEM2019/Dwenger_n2d_raw_reads,pSB3C5,,,BBa_K731721,554,BB554,,,TRUE,FALSE,not.sequenced,"Jeff Barrick, Jack Dwnger",BB554-N,Dwenger_n2d_17_554.fastq.gz,,,,Reassigned Backbone,,,,,,,RFC 10 (non-coding),RFC 10 (non-coding),CONFIRMED,"650 C→T, 950 T→C, 1042 +G, 1215 C→T, 1729  Δ1 bp",CONFIRMED,,,Appears to be on p15A origin backbone
JEB1204_1,TRUE,593,JEB1204,2020-01-29_iSeq/reads,pSB1C3,,,BBa_K3174002,1204,JEB1204,,,TRUE,TRUE,,Noor Radde,JEB1204_S1,,JEB1204-S1_S73_L001_R1_001.fastq.gz,JEB1204-S1_S73_L001_R2_001.fastq.gz,,,,,,,,,RFC 10 (non-coding),RFC 10 (non-coding),CONFIRMED,,CONFIRMED,,,
JEB1204_2,TRUE,598,JEB1204,2020-01-29_iSeq/reads,pSB1C3,,,BBa_K3174002,1204,JEB1204,,,TRUE,TRUE,,Noor Radde,JEB1204_S2,,JEB1204-S2_S78_L001_R1_001.fastq.gz,JEB1204-S2_S78_L001_R2_001.fastq.gz,,,,,,,,,RFC 10 (non-coding),RFC 10 (non-coding),CONFIRMED,,CONFIRMED,,,
JEB1205_1,TRUE,594,JEB1205,2020-01-29_iSeq/reads,pSB1C3,,,BBa_K3174003,1205,JEB1205,,,TRUE,TRUE,,Noor Radde,JEB1205_S1,,JEB1205-S1_S74_L001_R1_001.fastq.gz,JEB1205-S1_S74_L001_R2_001.fastq.gz,,,,,,,,,RFC 10 (non-coding),RFC 10 (non-coding),DISCREPANCY,"2019	(A)8→7",CONFIRMED,,,
JEB1205_2,TRUE,599,JEB1205,2020-01-29_iSeq/reads,pSB1C3,,,BBa_K3174003,1205,JEB1205,,,TRUE,TRUE,,Noor Radde,JEB1205_S2,,JEB1205-S2_S79_L001_R1_001.fastq.gz,JEB1205-S2_S79_L001_R2_001.fastq.gz,,,,,,,,,RFC 10 (non-coding),RFC 10 (non-coding),DISCREPANCY,"2019	(A)8→7",CONFIRMED,,,
JEB1205_3,TRUE,604,JEB1205,2020-01-29_iSeq/reads,pSB1C3,,,BBa_K3174003,1205,JEB1205,,,TRUE,TRUE,,Noor Radde,JEB1205_S3,,JEB1205-S3_S84_L001_R1_001.fastq.gz,JEB1205-S3_S84_L001_R2_001.fastq.gz,,,,,,,,,RFC 10 (non-coding),RFC 10 (non-coding),DISCREPANCY,"2019	(A)8→7",CONFIRMED,,,
JEB1206_1,TRUE,595,JEB1206,2020-01-29_iSeq/reads,pSB1C3,,,BBa_K3174004,1206,JEB1206,,,TRUE,TRUE,,Noor Radde,JEB1206_S1,,JEB1206-S1_S75_L001_R1_001.fastq.gz,JEB1206-S1_S75_L001_R2_001.fastq.gz,,,,,,,,,RFC 10 (non-coding),RFC 10 (non-coding),DISCREPANCY,"107 C→T, 736 T→C, 1288 T→C, ~400 bp insertion",CONFIRMED,"Directly after the BFP and the BioBrick cloning scar, contains a ~400-bp fragment of the E. coli K-12 genome overlapping two phage-related genes, the end of WP_003826190.1 and the beginning of NP_309660.1",,
JEB1206_2,TRUE,600,JEB1206,2020-01-29_iSeq/reads,pSB1C3,,,BBa_K3174004,1206,JEB1206,,,TRUE,TRUE,,Noor Radde,JEB1206_S2,,JEB1206-S2_S80_L001_R1_001.fastq.gz,JEB1206-S2_S80_L001_R2_001.fastq.gz,,,,,,,,,RFC 10 (non-coding),RFC 10 (non-coding),DISCREPANCY,"107 C→T, 736 T→C, 1288 T→C, ~400 bp insertion",CONFIRMED,"Directly after the BFP and the BioBrick cloning scar, contains a ~400-bp fragment of the E. coli K-12 genome overlapping two phage-related genes, the end of WP_003826190.1 and the beginning of NP_309660.1",,
JEB1206_3,TRUE,605,JEB1206,2020-01-29_iSeq/reads,pSB1C3,,,BBa_K3174004,1206,JEB1206,,,TRUE,TRUE,,Noor Radde,JEB1206_S3,,JEB1206-S3_S85_L001_R1_001.fastq.gz,JEB1206-S3_S85_L001_R2_001.fastq.gz,,,,,,,,,RFC 10 (non-coding),RFC 10 (non-coding),DISCREPANCY,"107 C→T, 736 T→C, 1288 T→C, ~400 bp insertion",CONFIRMED,"Directly after the BFP and the BioBrick cloning scar, contains a ~400-bp fragment of the E. coli K-12 genome overlapping two phage-related genes, the end of WP_003826190.1 and the beginning of NP_309660.1",,
JEB1207_1,TRUE,596,JEB1207,2020-01-29_iSeq/reads,pSB1C3,,,BBa_K3174006,1207,JEB1207,,,TRUE,TRUE,,Noor Radde,JEB1207_S1,,JEB1207-S1_S76_L001_R1_001.fastq.gz,JEB1207-S1_S76_L001_R2_001.fastq.gz,,,,,,,,,RFC 10 (non-coding),RFC 10 (non-coding),DISCREPANCY,1633 G→A,CONFIRMED,,,
JEB1207_2,TRUE,601,JEB1207,2020-01-29_iSeq/reads,pSB1C3,,,BBa_K3174006,1207,JEB1207,,,TRUE,TRUE,,Noor Radde,JEB1207_S2,,JEB1207-S2_S81_L001_R1_001.fastq.gz,JEB1207-S2_S81_L001_R2_001.fastq.gz,,,,,,,,,RFC 10 (non-coding),RFC 10 (non-coding),DISCREPANCY,1633 G→A,CONFIRMED,Mutations change,,
JEB1207_3,TRUE,606,JEB1207,2020-01-29_iSeq/reads,pSB1C3,,,BBa_K3174006,1207,JEB1207,,,TRUE,TRUE,,Noor Radde,JEB1207_S3,,JEB1207-S3_S86_L001_R1_001.fastq.gz,JEB1207-S3_S86_L001_R2_001.fastq.gz,,,,,,,,,RFC 10 (non-coding),RFC 10 (non-coding),DISCREPANCY,1633 G→A,CONFIRMED,,,
JEB1208_1,TRUE,597,JEB1208,2020-01-29_iSeq/reads,pSB1C3,,,BBa_K3174007,1208,JEB1208,,,TRUE,TRUE,,Noor Radde,JEB1208_S1,,JEB1208-S1_S77_L001_R1_001.fastq.gz,JEB1208-S1_S77_L001_R2_001.fastq.gz,,,,,,,,,RFC 10 (non-coding),RFC 10 (non-coding),CONFIRMED,,CONFIRMED,,,
JEB1208_2,TRUE,602,JEB1208,2020-01-29_iSeq/reads,pSB1C3,,,BBa_K3174007,1208,JEB1208,,,TRUE,TRUE,,Noor Radde,JEB1208_S2,,JEB1208-S2_S82_L001_R1_001.fastq.gz,JEB1208-S2_S82_L001_R2_001.fastq.gz,,,,,,,,,RFC 10 (non-coding),RFC 10 (non-coding),CONFIRMED,,CONFIRMED,,,
JEB1208_3,TRUE,607,JEB1208,2020-01-29_iSeq/reads,pSB1C3,,,BBa_K3174007,1208,JEB1208,,,TRUE,TRUE,,Noor Radde,JEB1208_S3,,JEB1208-S3_S87_L001_R1_001.fastq.gz,JEB1208-S3_S87_L001_R2_001.fastq.gz,,,,,,,,,RFC 10 (non-coding),RFC 10 (non-coding),CONFIRMED,,CONFIRMED,,,
JEB1209_1,TRUE,608,JEB1204,2020-01-29_iSeq/reads,pSB1C3,,,BBa_K3174002,1209,JEB1209,,,TRUE,TRUE,,Noor Radde,JEB1209,,JEB1209_S88_L001_R1_001.fastq.gz,JEB1209_S88_L001_R2_001.fastq.gz,,,,,,,,,RFC 10 (non-coding),RFC 10 (non-coding),CONFIRMED,,CONFIRMED,,,
JEB1210_1,TRUE,609,JEB1205,2020-01-29_iSeq/reads,pSB1C3,,,BBa_K3174003,1210,JEB1210,,,TRUE,TRUE,,Noor Radde,JEB1210,,JEB1210_S129_L001_R1_001.fastq.gz,JEB1210_S129_L001_R2_001.fastq.gz,,,,,,,,,RFC 10 (non-coding),RFC 10 (non-coding),DISCREPANCY,"2019	(A)8→7",CONFIRMED,,,
JEB1211_1,TRUE,610,JEB1206,2020-01-29_iSeq/reads,pSB1C3,,,BBa_K3174004,1211,JEB1211,,,TRUE,TRUE,,Noor Radde,JEB1211,,JEB1211_S130_L001_R1_001.fastq.gz,JEB1211_S130_L001_R2_001.fastq.gz,,,,,,,,,RFC 10 (non-coding),RFC 10 (non-coding),DISCREPANCY,"107 C→T, 736 T→C, 1288 T→C, ~400 bp insertion",CONFIRMED,"Directly after the BFP and the BioBrick cloning scar, contains a ~400-bp fragment of the E. coli K-12 genome overlapping two phage-related genes, the end of WP_003826190.1 and the beginning of NP_309660.1",,
JEB1212_1,TRUE,611,JEB1207,2020-01-29_iSeq/reads,pSB1C3,,,BBa_K3174006,1212,JEB1212,,,TRUE,TRUE,,Noor Radde,JEB1212,,JEB1212_S131_L001_R1_001.fastq.gz,JEB1212_S131_L001_R2_001.fastq.gz,,,,,,,,,RFC 10 (non-coding),RFC 10 (non-coding),DISCREPANCY,1633 G→A,CONFIRMED,,,
JEB1213_1,TRUE,612,JEB1208,2020-01-29_iSeq/reads,pSB1C3,,,BBa_K3174007,1213,JEB1213,,,TRUE,TRUE,,Noor Radde,JEB1213,,JEB1213_S132_L001_R1_001.fastq.gz,JEB1213_S132_L001_R2_001.fastq.gz,,,,,,,,,RFC 10 (non-coding),RFC 10 (non-coding),CONFIRMED,,CONFIRMED,,,
JEB1240,TRUE,615,JEB1204,lftp@utbox://Barrick Lab/TACC/genomes/0009/2019-03-22_Moran-iSeq_plasmid,pSB1C3,,,BBa_K3174002,11001,JEB1240,,,FALSE,TRUE,,,JEB1240,,JEB1240_S139_L001_R1_001.fastq.gz,JEB1240_S139_L001_R2_001.fastq.gz,,,,,,,,,,,,,,,,TOP10 cells with BFP control
JEB1241,TRUE,616,JEB1205,lftp@utbox://Barrick Lab/TACC/genomes/0009/2019-03-22_Moran-iSeq_plasmid,pSB1C3,,,BBa_K3174003,11002,JEB1241,,,FALSE,TRUE,,,JEB1241,,JEB1241_S140_L001_R1_001.fastq.gz,JEB1241_S140_L001_R2_001.fastq.gz,,,,,,,,,,,,,,,,TOP10 cells with BFP control
JEB1242,TRUE,617,JEB1206,lftp@utbox://Barrick Lab/TACC/genomes/0009/2019-03-22_Moran-iSeq_plasmid,pSB1C3,,,BBa_K3174004,11003,JEB1242,,,FALSE,TRUE,,,JEB1242,,JEB1242_S141_L001_R1_001.fastq.gz,JEB1242_S141_L001_R2_001.fastq.gz,,,,,,,,,,,,,,,,TOP10 cells with BFP control
JEB1243,TRUE,618,JEB1207,lftp@utbox://Barrick Lab/TACC/genomes/0009/2019-03-22_Moran-iSeq_plasmid,pSB1C3,,,BBa_K3174006,11004,JEB1243,,,FALSE,TRUE,,,JEB1243,,JEB1243_S142_L001_R1_001.fastq.gz,JEB1243_S142_L001_R2_001.fastq.gz,,,,,,,,,,,,,,,,TOP10 cells with BFP control
JEB1244,TRUE,619,JEB1208,lftp@utbox://Barrick Lab/TACC/genomes/0009/2019-03-22_Moran-iSeq_plasmid,pSB1C3,,,BBa_K3174007,11005,JEB1244,,,FALSE,TRUE,,,JEB1244,,JEB1244_S143_L001_R1_001.fastq.gz,JEB1244_S143_L001_R2_001.fastq.gz,,,,,,,,,,,,,,,,TOP10 cells with BFP control