Plate ,  Well ,  Part ,  Plasmid ,  Resistance ,  Well Status ,  Comments ,  Type ,  Subparts ,  Source ,  Gel Overall ,  Quantity ,  Plamsid ,  Sequencing ,  Seq Comment ,  Short Description , 
5635, 1A, BBa_K314110, pSB1C3, --, OK, , Translational_Unit,1, iGEM10_Washington, , , , Confirmed(A), ," ""f1 origin""", 
5635, 1B, BBa_K731722, pSB1C3, --, OK, , Terminator,1, iGEM12_TRENTO, , , , Confirmed(A), ," ""T1 terminator from  E. coli rrnB""", 
5635, 1C, BBa_K398326, pSB1C3, --, OK," ""#1 - 520 ng""", Regulatory,1, iGEM10_TU_Delft, , , , Confirmed(A), ," ""Promoter of the CaiF protein""", 
5635, 1D, BBa_K731722, pSB1C3, --, OK," ""I was not able to remove this line from the list. It is the same sample as #21""", Terminator,1, iGEM12_TRENTO, , , , Confirmed(A), ," ""T1 terminator from  E. coli rrnB""", 
5635, 1E, BBa_K398331, pSB1C3, --, OK," ""#2 - 990 ng""", Measurement,5, iGEM10_TU_Delft, , , , Confirmed(A), ," ""pCaiF-B0032 measurement device""", 
5635, 1F, BBa_K808025, pSB1C3, --, OK," ""may be toxic for gramm negativ bacteria due to lipase activity if its expressed into perplasma or surface expressed""", Coding,1, iGEM12_TU_Darmstadt, , , , Confirmed(A), ," ""FsC: Cutinase PET cleaving enzyme""", 
5635, 1G, BBa_K314100, pSB1C3, --, OK, , Composite,3, iGEM10_Washington, , , , Confirmed(A), ," ""High constitutive expression cassette""", 
5635, 1H, BBa_K808001, pSB1C3, --, OK, , Coding,1, iGEM12_TU_Darmstadt, , , , Confirmed(A), ," ""tphC: terephtalate periplasmatic binding proteine of the tripartite transporter family""", 
5635, 1I, BBa_K314101, pSB1C3, --, OK, , Composite,3, iGEM10_Washington, , , , Confirmed(A), ," ""Low constitutive expression cassette""", 
5635, 1J, BBa_K808003, pSB1C3, --, OK, , Coding,1, iGEM12_TU_Darmstadt, , , , Confirmed(A), ," ""tctB_162: small subunit B1 of the tripartite tricarboxylate transporter family""", 
5635, 1K, BBa_K314201, pSB1C3, --, OK, , Coding,1, iGEM10_Washington, , , , Confirmed(A), ," ""Antitoxin Tsi2""", 
5635, 1L, BBa_K808010, pSB1C3, --, OK, , Coding,1, iGEM12_TU_Darmstadt, , , , Inconsistent(A), ," ""tphB: reaction from DCD to protocatechuate""", 
5635, 1M, BBa_K314202, pSB1C3, --, OK, , Coding,1, iGEM10_Washington, , , , Confirmed(A), ," ""Toxin+ Antitoxin-Tse2 + Tsi2""", 
5635, 1N, BBa_K808011, pSB1C3, --, OK, , Coding,1, iGEM12_TU_Darmstadt, , , , Inconsistent(A), ," ""tphA1: reduces the tphA2A3 complex""", 
5635, 1O, BBa_K346002, pSB1C3, --, OK," ""PmerT promoter""", Regulatory,1, iGEM10_Peking, , , , Confirmed(A), ," ""PmerT promoter (mercury-responsive)""", 
5635, 1P, BBa_K808013, pSB1C3, --, OK, , Coding,1, iGEM12_TU_Darmstadt, , , , Confirmed(A), ," ""tphA3: Catalyzes together with tphA2 TPA to DCD""", 
5635, 2A, BBa_K548000, pSB1C3, --, OK, , Signalling,1, iGEM11_Penn, , , , Confirmed(A), ," ""Humanized Aequorin """, 
5635, 2B, BBa_K325210, pSB1C3, --, OK, , Reporter,1, , , , , Long part(A), ," ""Red Firefly Luciferase and LRE<BR><i>L. Cruciata<BR>(E. coli optimised)</i>""", 
5635, 2C, BBa_K648028, pSB1C3, --, OK, , Coding,1, iGEM11_Penn_State, , , , Confirmed(A), ," ""Cro  Lamda Repressor which activates the lytic cycle""", 
5635, 2D, BBa_K325219, pSB1C3, --, OK, , Generator,2, , , , , Long part(A), ," ""Red Firefly Luciferase and LRE (under pBAD)<BR><i>L. Cruciata<BR>(E. coli optimised)</i>""", 
5635, 2E, BBa_K648029, pSB1C3, --, OK, , Coding,1, iGEM11_Penn_State, , , , Confirmed(A), ," ""OR  operating region for Lambda switch""", 
5635, 2F, BBa_K325108, pSB1C3, --, OK, , Generator,2, , , , , Long part(A), ," ""EPIC Firefly Luciferase (under pBAD)<BR><i>P. Pyralis<BR>(E. coli optimised)</i>""", 
5635, 2G, BBa_K530015, pSB1C3, --, OK, , Regulatory,1, iGEM11_Johns_Hopkins, , , , Confirmed(A), ," ""FCY2 Yeast Promoter""", 
5635, 2H, BBa_K325209, pSB1C3, --, OK, , Generator,1, , , , , Long part(A), ," ""Green Firefly Luciferase and LRE (under pBAD)<BR><i>L. Cruciata<BR>(E. coli optimised)</i>""", 
5635, 2I, BBa_K530019, pSB1C3, --, OK, , Terminator,1, iGEM11_Johns_Hopkins, , , , Confirmed(A), ," ""HHO1 Yeast UTR""", 
5635, 2J, BBa_K325259, pSB1C3, --, OK, , Generator,1, , , , , Long part(A), ," ""Yellow Firefly Luciferase (under pBAD)<BR><i>L. Cruciata<BR>(E. coli optimised)</i>""", 
5635, 2K, BBa_K530025, pSB1C3, --, OK, , Coding,1, iGEM11_Johns_Hopkins, , , , Single error(A), ," ""Vtc2""", 
5635, 2L, BBa_K325903, pSB1C3, --, OK, , Generator,1, , , , , Long part(A), ," ""luxEG <BR><i>V. Fischeri<BR>(E. coli optimised)</i>""", 
5635, 2M, BBa_K542003, pSB1C3, --, OK, , Inverter,5, iGEM11_Lethbridge, , , , Confirmed(A), ," ""pBAD Regulated TetR""", 
5635, 2N, BBa_K316027, pSB1C3, --, OK, , Composite,14, , , , , Inconsistent(A), ," ""B.subtilis transformation vector with LacI""", 
5635, 2O, BBa_K542010, pSB1C3, --, OK, , Coding,1, iGEM11_Lethbridge, , , , Confirmed(A), ," ""Enhanced Lumazine Synthase (ELS)""", 
5635, 2P, BBa_K415023, pSB1C3, --, OK, , Composite,18, , , , , Long part(A), ," ""pLux-Lac:GFP:Term:Term:PluxR/cI-OR :mCherry:Term:PtetR:LuxR:Term:Plux/cI-OR:LuxI  """, 
5635, 3A, BBa_K346004, pSB1C3, --, OK," ""RBS(B0034)_MBP(lead metal binding peptide egineered from MerR)+Terminator(B0015)""", Composite,1, iGEM10_Peking, , , , Confirmed(A), ," ""RBS(B0034)_MBP(lead metal binding peptide egineered from PbrR)+Terminator(B0015)""", 
5635, 3B, BBa_K823042, pSB1C3, --, OK, , Regulatory,1, iGEM12_LMU-Munich, , , , Confirmed(A), ," ""PsspK promoter regulated by sigma G""", 
5635, 3C, BBa_K316003, pSB1C3, --, OK, , Coding,3, iGEM10_Paris_Liliane_Bettencourt, , , , Confirmed(A), ," ""XylE - catechol 2 3-dioxygenase from P.putida with terminator""", 
5635, 3D, BBa_K823017, pSB1C3, --, OK, , Terminator,2, iGEM12_LMU-Munich, , , , Confirmed(A), ," ""double terminator (B0012-B0011)""", 
5635, 3E, BBa_K523000, pSB1C3, --, OK, , Reporter,1, iGEM11_Edinburgh, , , , Confirmed(A), ," ""Plac + lacZ; with BglII site""", 
5635, 3F, BBa_K817018, pSB1C3, --, OK, , Device,1, iGEM12_NTU-Taida, , , , Inconsistent(A), ," ""gamma-delta resolvase cassette""", 
5635, 3G, BBa_K538104, pSB1C3, --, OK, , Translational_Unit,2, iGEM11_Amsterdam, , , , Confirmed(A), ," ""RBS + CspC""", 
5635, 3H, BBa_K873002, pSB1C3, --, OK, , Regulatory,1, iGEM12_SEU_A, , , , Confirmed(A), ," ""HSP promoter""", 
5635, 3I, BBa_K538004, pSB1C3, --, OK, , Coding,1, iGEM11_Amsterdam, , , , Confirmed(A), ," ""CspC (P. irgensii)""", 
5635, 3J, BBa_S05060, pSB1C3, --, OK, , Intermediate,3, iGEM12_SEU_A, , , , Confirmed(A), ," ""K873000:B0015""", 
5635, 3K, BBa_K538000, pSB1C3, --, OK, , Coding,1, iGEM11_Amsterdam, , , , Confirmed(A), ," ""Cpn10 (O. antarctica)""", 
5635, 3L, BBa_K774001, pSB1C3, --, OK, , Regulatory,1, iGEM12_NRP_UEA-Norwich, , , , Confirmed(A), ," ""Mammalian-Bacterial Promoter: E9-ns2 CArG promoter sequence + BHN + BBaK216005""", 
5635, 3M, BBa_K525998, pSB1C3, --, OK, , Regulatory,1, iGEM11_Bielefeld-Germany, , , , Confirmed(A), ," ""Promoter T7 and RBS""", 
5635, 3N, BBa_K748002, pSB1C3, --, OK, , Coding,1, iGEM12_HIT-Harbin, , , , Confirmed(A), ," ""Truncated lysostaphin coding sequence. Lysostaphin has has a specific lytic action against S.aureus.""", 
5635, 3O, BBa_K608002, pSB1C3, --, OK, , Intermediate,2, iGEM11_BIO_Freiburg, , , , Confirmed(A), ," ""strong Promoter and strong RBS""", 
5635, 3P, BBa_S05048, pSB1C3, --, OK, , Intermediate,2, iGEM12_HIT-Harbin, , , , Confirmed(A), ," ""B0034:K748000""", 
5635, 4A, BBa_K331022, pSB1C3, --, OK, , Composite,2, iGEM11_Lethbridge, , , , Inconsistent(A), ," ""RBS with N-terminal Oligo Arginine - EYFP Fusion""", 
5635, 4B, BBa_K381001, pSB1C3, --, OK, , Composite,5, , , , , Confirmed(A), ," ""Nitrate reporter: PyeaR - GFP composite""", 
5635, 4C, BBa_K331024, pSB1C3, --, OK, , Composite,2, iGEM11_Lethbridge, , , , Confirmed(A), ," ""RBS with N-terminal Oligo Arginine - ECFP Fusion """, 
5635, 4D, BBa_K314103, pSB1C3, --, OK, , Composite,4, , , , , Partially confirmed(A), ," ""Lac induced expression cassette""", 
5635, 4E, BBa_K558009, pSB1C3, --, OK, , Coding,1, iGEM11_Nevada, , , , Confirmed(A), ," ""Thiamin monophosphate pyrophosphorylase""", 
5635, 4F, BBa_K346000, pSB1C3, --, OK," ""RBS(B0032)+T3 RNA polymerase""", Translational_Unit,1, , , , , Long part(A), ," ""RBS(B0032)+T3 DNA-directed RNA polymerase""", 
5635, 4G, BBa_K575008, pSB1C3, --, OK, , Composite,3, iGEM11_Northwestern, , , , Confirmed(A), ," ""LasR/PAI1 Inducible Promoter + RBS (B0030) + GFP""", 
5635, 4H, BBa_K395602, pSB1C3, --, OK, , Generator,2, , , , , Long part(A), ," ""Apple fragrance  generator """, 
5635, 4I, BBa_K575010, pSB1C3, --, OK, , Composite,3, iGEM11_Northwestern, , , , Confirmed(A), ," ""LasR/PAI1 Inducible Promoter + RBS (B0030) + RFP""", 
5635, 4J, BBa_K325218, pSB1C3, --, OK, , Generator,2, , , , , Long part(A), ," ""Orange Firefly Luciferase (under pBAD)<BR><i>L. Cruciata<BR>(E. coli optimised)</i>""", 
5635, 4K, BBa_K575009, pSB1C3, --, OK, , Composite,3, iGEM11_Northwestern, , , , Confirmed(A), ," ""LasR/PAI1 Inducible Promoter + RBS (B0034) + GFP""", 
5635, 4L, BBa_K325909, pSB1C3, --, OK, , Generator,1, , , , , Long part(A), ," ""Lux Operon (under pBAD)<BR><i>Vibrio Fischeri</i>""", 
5635, 4M, BBa_K575011, pSB1C3, --, OK, , Composite,3, iGEM11_Northwestern, , , , Confirmed(A), ," ""LasR/PAI1 Inducible Promoter + RBS (B0034) + RFP""", 
5635, 4N, BBa_K325100, pSB1C3, --, OK, , Reporter,1, , , , , Long part(A), ," ""EPIC Firefly Luciferase and LRE <BR><i>P. Pyralis<BR>(E. coli optimised)</i>""", 
5635, 4O, BBa_K575012, pSB1C3, --, OK, , Composite,3, iGEM11_Northwestern, , , , Confirmed(A), ," ""RhlR/PAI2  Inducible Promoter + RBS (B0030) + GFP""", 
5635, 4P, BBa_K523001, pSB1C3, --, OK, , Translational_Unit,1, , , , , Long part(A), ," ""RBS + malS (E. coli periplasmic &#945;-amylase)""", 
5635, 5A, BBa_K608003, pSB1C3, --, OK, , Intermediate,2, iGEM11_BIO_Freiburg, , , , Confirmed(A), ," ""strong Promoter   medium RBS""", 
5635, 5B, BBa_S05050, pSB1C3, --, OK, , Intermediate,2, iGEM12_HIT-Harbin, , , , Confirmed(A), ," ""B0034:K748002""", 
5635, 5C, BBa_K608004, pSB1C3, --, OK, , Intermediate,2, iGEM11_BIO_Freiburg, , , , Confirmed(A), ," ""strong Promoter   weak RBS""", 
5635, 5D, BBa_K819017, pSB1C3, --, OK, , Regulatory,1, iGEM12_Peking, , , , Confirmed(A), ," ""Luminesensor repressible SulA408 promoter""", 
5635, 5E, BBa_K608006, pSB1C3, --, OK, , Intermediate,2, iGEM11_BIO_Freiburg, , , , Confirmed(A), ," ""medium Promoter   medium RBS""", 
5635, 5F, BBa_K819010, pSB1C3, --, OK, , Generator,1, iGEM12_Peking, , , , Confirmed(A), ," ""Medium cheZ generator""", 
5635, 5G, BBa_K608007, pSB1C3, --, OK, , Intermediate,2, iGEM11_BIO_Freiburg, , , , Confirmed(A), ," ""medium Promoter   weak RBS""", 
5635, 5H, BBa_K934012, pSB1C3, --, OK," ""PlasI-LuxI""", Composite,3, iGEM12_Tokyo_Tech, , , , Confirmed(A), ," ""Plas-LuxI""", 
5635, 5I, BBa_K608008, pSB1C3, --, OK, , Regulatory,3, iGEM11_BIO_Freiburg, , , , Confirmed(A), ," ""constitutive strong promoter with medium RBS and GFP""", 
5635, 5J, BBa_K934022, pSB1C3, --, OK," ""Plux-LasI""", Composite,4, iGEM12_Tokyo_Tech, , , , Confirmed(A), ," ""Plux-LasI""", 
5635, 5K, BBa_K608010, pSB1C3, --, OK, , Regulatory,3, iGEM11_BIO_Freiburg, , , , Confirmed(A), ," ""Medium promoter with strong RBS and GFP""", 
5635, 5L, BBa_K934026, pSB1C3, --, OK," ""Plux-LacI""", Composite,5, iGEM12_Tokyo_Tech, , , , Inconsistent(A), ," ""Plux-LacI""", 
5635, 5M, BBa_K608011, pSB1C3, --, OK, , Regulatory,3, iGEM11_BIO_Freiburg, , , , Confirmed(A), ," ""Medium promoter with medium RBS and GFP""", 
5635, 5N, BBa_K733001, pSB1C3, --, OK, , Regulatory,1, iGEM12_HKUST_Hong_Kong, , , , Confirmed(A), ," ""<i>Ptms</i> - a constitutive promoter in <i>E. coli</i> and <i>B. subtilis</i>.""", 
5635, 5O, BBa_K608012, pSB1C3, --, OK, , Regulatory,3, iGEM11_BIO_Freiburg, , , , Confirmed(A), ," ""Medium promoter with weak RBS and GFP""", 
5635, 5P, BBa_K733006, pSB1C3, --, OK, , Coding,1, iGEM12_HKUST_Hong_Kong, , , , Confirmed(A), ," ""<i>ydjM</i>+<i>Bmp2</i>""", 
5635, 6A, BBa_K575014, pSB1C3, --, OK, , Composite,3, iGEM11_Northwestern, , , , Confirmed(A), ," ""RhlR/PAI2 Inducible Promoter + RBS (B0030) + RFP""", 
5635, 6B, BBa_K523002, pSB1C3, --, OK, , Translational_Unit,1, , , , , Long part(A), ," ""RBS + bglX (E. coli perisplasmic &#946;-glucosidase)""", 
5635, 6C, BBa_K575013, pSB1C3, --, OK, , Composite,3, iGEM11_Northwestern, , , , Confirmed(A), ," ""RhlR/PAI2 Inducible Promoter + RBS (B0034) + GFP""", 
5635, 6D, BBa_K523003, pSB1C3, --, OK, , Coding,1, , , , , Long part(A), ," ""malS for BioSandwich""", 
5635, 6E, BBa_K575015, pSB1C3, --, OK, , Composite,3, iGEM11_Northwestern, , , , Confirmed(A), ," ""RhlR/PAI2 Inducible Promoter + RBS (B0034) + RFP""", 
5635, 6F, BBa_K523004, pSB1C3, --, OK, , Coding,1, , , , , Long part(A), ," ""bglX for BioSandwich""", 
5635, 6G, BBa_K575020, pSB1C3, --, OK, , Regulatory,1, iGEM11_Northwestern, , , , Inconsistent(A), ," ""Genomic LasR/PAI1 Inducible Promoter (Long)""", 
5635, 6H, BBa_K523006, pSB1C3, --, OK, , Composite,2, , , , , Inconsistent(A), ," ""Plac + LacZ + malS""", 
5635, 6I, BBa_K575021, pSB1C3, --, OK, , Regulatory,1, iGEM11_Northwestern, , , , Confirmed(A), ," ""Genomic LasR/PAI1 Inducible Promoter (Short)""", 
5635, 6J, BBa_K538101, pSB1C3, --, OK, , Translational_Unit,2, , , , , Long part(A), ," ""RBS + Cpn60""", 
5635, 6K, BBa_K590028, pSB1C3, --, OK, , Composite,4, iGEM11_Washington, , , , Inconsistent(A), ," ""NPDC-PSB1C3-High constitutive""", 
5635, 6L, BBa_K525710, pSB1C3, --, OK, , Coding,1, , , , , Long part(A), ," ""DNA ligase from Escherichia coli (LigA) with PT7  RBS and His-tag""", 
5635, 6M, BBa_K590034, pSB1C3, --, OK, , Coding,1, iGEM11_Washington, , , , Confirmed(A), ," ""FabH2""", 
5635, 6N, BBa_K608351, pSB1C3, --, OK, , Composite,1, , , , , Inconsistent(A), ," ""(correct) temperature sensitive promoter""", 
5635, 6O, BBa_K576003, pSB1C3, --, OK, , RNA,1, iGEM11_Waterloo, , , , Confirmed(A), ," ""Left Part of Self-Excising Ribozyme""", 
5635, 6P, BBa_K564012, pSB1C3, --, OK, , Measurement,4, , , , , Long part(A), ," ""promoter and RBS of E. coli chitoporin translationally fused with lacZ.""", 
5635, 7A, BBa_K607035, pSB1C3, --, OK, , DNA,1, iGEM11_Groningen, , , , Confirmed(A), ," ""pUC18 replication origin""", 
5635, 7B, BBa_K733008, pSB1C3, --, OK, , Coding,1, iGEM12_HKUST_Hong_Kong, , , , Inconsistent(A), ," ""<i>lytC</i> + linker + FLAG™""", 
5635, 7C, BBa_K607038, pSB1C3, --, OK, , Generator,5, iGEM11_Groningen, , , , Confirmed(A), ," ""Prm modified promoter generating GFP""", 
5635, 7D, BBa_K733009, pSB1C3, --, OK, , Composite,5, iGEM12_HKUST_Hong_Kong, , , , Confirmed(A), ," ""<i>Ptms</i>+BBa_E0240: <i>Ptms</i>+RBS+GFP+Double """, 
5635, 7E, BBa_K515007, pSB1C3, --, OK, , Coding,1, iGEM11_Imperial_College_London, , , , Confirmed(A), ," ""Dendra2""", 
5635, 7F, BBa_K733010, pSB1C3, --, OK, , Composite,1, iGEM12_HKUST_Hong_Kong, , , , Confirmed(A), ," ""<i>Ptms</i>+RBS+<i>ydcD</i>.""", 
5635, 7G, BBa_K584000, pSB1C3, --, OK, , Composite,5, iGEM11_KULeuven, , , , Confirmed(A), ," ""pBAD + GFP generator""", 
5635, 7H, BBa_K733013, pSB1C3, --, OK, , Regulatory,2, iGEM12_HKUST_Hong_Kong, , , , Confirmed(A), ," ""<i>Pveg</i>+R.B.S.""", 
5635, 7I, BBa_K523008, pSB1C3, --, OK, , Coding,1, iGEM11_Edinburgh, , , , Confirmed(A), ," ""INP for BioSandwich""", 
5635, 7J, BBa_K733014, pSB1C3, --, OK, , Composite,3, iGEM12_HKUST_Hong_Kong, , , , Confirmed(A), ," ""<i>Pveg</i>+RBS+<i>ydjM</i>+<i>Bmp2</i>""", 
5635, 7K, BBa_K660610, pSB1C3, --, OK, , Composite,2, iGEM11_GlasgowUni, , , , Confirmed(A), ," ""RBS + RcsB""", 
5635, 7L, BBa_K733016, pSB1C3, --, OK, , Composite,5, iGEM12_HKUST_Hong_Kong, , , , Confirmed(A), ," ""<i>Pveg</i>+RBS+<i>ydjM</i>+<i>Bmp2</i>+terminator""", 
5635, 7M, BBa_K660004, pSB1C3, --, OK, , Reporter,1, iGEM11_GlasgowUni, , , , Confirmed(A), ," ""iLOV""", 
5635, 7N, BBa_K733017, pSB1C3, --, OK, , Composite,5, iGEM12_HKUST_Hong_Kong, , , , Confirmed(A), ," ""<i>Pveg</i>+RBS+<i>ybdN</i>+<i>Bmp2</i>+terminator""", 
5635, 7O, BBa_K545666, pSB1C3, --, OK," ""name =4 . rpos """, RBS,1, iGEM11_Grenoble, , , , Confirmed(A), ," ""rpos leader sequence""", 
5635, 7P, BBa_K817002, pSB1C3, --, OK, , Regulatory,1, iGEM12_NTU-Taida, , , , Confirmed(A), ," ""PfadBA""", 
5635, 8A, BBa_K588001, pSB1C3, --, OK, , Regulatory,1, iGEM11_Rutgers, , , , Confirmed(A), ," ""ptrp""", 
5635, 8B, BBa_K564013, pSB1C3, --, OK, , Measurement,4, , , , , Long part(A), ," ""Upstream mutated chitoporin part fused with lacZ """, 
5635, 8C, BBa_K611010, pSB1C3, --, OK, , Composite,7, iGEM11_UC_Davis, , , , Inconsistent(A), ," ""LacI Repressor Characterization Construct""", 
5635, 8D, BBa_K515100, pSB1C3, --, OK, , Composite,3, , , , , Long part(A), ," ""IAA biosynthetic genes under control of the Pveg2 promoter""", 
5635, 8E, BBa_K611018, pSB1C3, --, OK, , Composite,6, iGEM11_UC_Davis, , , , Confirmed(A), ," ""Mutant Regulatory protein/promoter characterization plasmid""", 
5635, 8F, BBa_K515102, pSB1C3, --, OK, , Composite,2, , , , , Long part(A), ," ""J23100 promoter - PA2652""", 
5635, 8G, BBa_K611025, pSB1C3, --, OK, , Regulatory,1, iGEM11_UC_Davis, , , , Confirmed(A), ," ""LacI Promoter Variant #5""", 
5635, 8H, BBa_K523013, pSB1C3, --, OK, , Coding,1, , , , , Long part(A), ," ""Plac + INP-EYFP""", 
5635, 8I, BBa_K611026, pSB1C3, --, OK, , Regulatory,1, iGEM11_UC_Davis, , , , Confirmed(A), ," ""LacI Promoter Variant #6""", 
5635, 8J, BBa_K523014, pSB1C3, --, OK, , Composite,2, , , , , Long part(A), ," ""Plac + LacZ + bglX""", 
5635, 8K, BBa_K569017, pSB1C3, --, OK, , Coding,1, iGEM11_UT_Dallas, , , , Confirmed(A), ," ""CheY""", 
5635, 8L, BBa_K523015, pSB1C3, --, OK, , Composite,3, , , , , Long part(A), ," ""Plac + RBS + cenA (endoglucanase)""", 
5635, 8M, BBa_K617003, pSB1C3, --, OK," ""This is the R6K origin of replication part  I have had the sequence confirmed by ACGT INC. with primers VF2 and VR  a gel pic is shown on our wiki/registry page.""", DNA,1, iGEM09_Lethbridge, , , , Confirmed(A), ," ""R6K origin of replication""", 
5635, 8N, BBa_K523020, pSB1C3, --, OK, , Composite,1, , , , , Long part(A), ," ""Plac + INP-bglX""", 
5635, 8O, BBa_K617004, pSB1C3, --, OK," ""This is Lambda attP P'OP  it has been sequenced by ACGT INC. with VF2 and VR primers a gel picture (E+P digest) is on our registry/wiki page""", DNA,1, iGEM11_UIUC-Illinois, , , , Confirmed(A), ," ""Lambda attP P'OP""", 
5635, 8P, BBa_K523022, pSB1C3, --, OK, , Composite,1, , , , , Long part(A), ," ""PlacLacZ + crtEIB""", 
5635, 9A, BBa_S04602, pSB1C3, --, OK," ""name =7 . RBS CinR sequencing in process """, Translational_Unit,2, iGEM11_Grenoble, , , , Confirmed(A), ," ""B0034:C0077""", 
5635, 9B, BBa_K817016, pSB1C3, --, OK, , DNA,1, iGEM12_NTU-Taida, , , , Confirmed(A), ," ""parS site""", 
5635, 9C, BBa_S04607, pSB1C3, --, OK," ""name =16 . pLac-CinR  sequencing in progress""", Intermediate,2, iGEM11_Grenoble, , , , Confirmed(A), ," ""R0011:C0077""", 
5635, 9D, BBa_K817021, pSB1C3, --, OK, , Intermediate,2, iGEM12_NTU-Taida, , , , Confirmed(A), ," ""RBS-SP1-Penetratin-Flag""", 
5635, 9E, BBa_K568006, pSB1C3, --, OK, , Intermediate,5, iGEM11_TU_Munich, , , , Confirmed(A), ," ""Intermediate synthetic part of optogenetical AND-Gate""", 
5635, 9F, BBa_K817022, pSB1C3, --, OK, , Intermediate,2, iGEM12_NTU-Taida, , , , Confirmed(A), ," ""RBS-SP2-Penetratin-Flag""", 
5635, 9G, BBa_K516011, pSB1C3, --, OK," ""(wiki name: E3)""", Translational_Unit,2, iGEM11_UNIPV-Pavia, , , , Confirmed(A), ," ""luxI protein generator TERM- RBS+(B0031)""", 
5635, 9H, BBa_K817023, pSB1C3, --, OK, , Intermediate,2, iGEM12_NTU-Taida, , , , Confirmed(A), ," ""RBS-SP3-Penetratin-Flag""", 
5635, 9I, BBa_K516030, pSB1C3, --, OK," ""(wiki name: E5)""", Reporter,4, iGEM11_UNIPV-Pavia, , , , Confirmed(A), ," ""mRFP protein generator TERM+ RBS+(B0030)""", 
5635, 9J, BBa_K817024, pSB1C3, --, OK, , Intermediate,4, iGEM12_NTU-Taida, , , , Confirmed(A), ," ""RBS-SP1-Penetratin-Flag-xx""", 
5635, 9K, BBa_K516031, pSB1C3, --, OK," ""(wiki name: E6)""", Reporter,4, iGEM11_UNIPV-Pavia, , , , Confirmed(A), ," ""mRFP protein generator TERM+ RBS+(B0031)""", 
5635, 9L, BBa_K763001, pSB1C3, --, OK, , Reporter,1, iGEM12_Valencia_Biocampus, , , , Confirmed(A), ," ""pGroE + Gene encoding AsRed2""", 
5635, 9M, BBa_K516032, pSB1C3, --, OK," ""(wiki name: E7)""", Reporter,4, iGEM11_UNIPV-Pavia, , , , Confirmed(A), ," ""mRFP protein generator TERM+ RBS+(B0032)""", 
5635, 9N, BBa_K763002, pSB1C3, --, OK, , Reporter,1, iGEM12_Valencia_Biocampus, , , , Confirmed(A), ," ""pNirB  + Gene encoding ZsGreen1""", 
5635, 9O, BBa_K516022, pSB1C3, --, OK," ""(wiki name: E11)""", Device,4, iGEM11_UNIPV-Pavia, , , , Confirmed(A), ," ""AiiA protein generator TERM+ RBS+(B0032)""", 
5635, 9P, BBa_K769001, pSB1C3, --, OK, , Device,1, iGEM12_Tokyo-NoKoGen, , , , Confirmed(A), ," ""PompC-RBS-GFP-Double terminator""", 
5635, 10A, BBa_K576005, pSB1C3, --, OK, , Reporter,3, iGEM11_Waterloo, , , , Confirmed(A), ," ""J23101-RBS-GFP1""", 
5635, 10B, BBa_K523023, pSB1C3, --, OK, , Composite,1, , , , , Confirmed(A), ," ""PlacLacZ + EYFP""", 
5635, 10C, BBa_K652004, pSB1C3, --, OK, , Generator,1, iGEM09_Groningen, , , , Confirmed(A), ," ""RBS-ZeAFP-Term""", 
5635, 10D, BBa_K568004, pSB1C3, --, OK, , Composite,6, , , , , Long part(A), ," ""Optogenetical AND-Gate blue light - without first promoter - choose your first input""", 
5635, 10E, BBa_K654058, pSB1C3, --, OK, , Coding,1, iGEM11_Utah_State, , , , Confirmed(A), ," ""Thioesterase (TesA from E. coli) with 8-His Tag""", 
5635, 10F, BBa_K639003, pSB1C3, --, OK, , Composite,10, , , , , Long part(A), ," ""rrnB P1-LacI-pLac-mCherry plausible stress sensor""", 
5635, 10G, BBa_K634001, pSB1C3, --, OK, , Coding,1, iGEM09_Heidelberg, , , , Confirmed(A), ," ""exaE""", 
5635, 10H, BBa_K606017, pSB1C3, --, OK, , Translational_Unit,2, , , , , Long part(A), ," ""T7 polymerase expression casette for Bacillus Subtilis""", 
5635, 10I, BBa_K624003, pSB1C3, --, OK, , Coding,1, iGEM11_NYMU-Taiwan, , , , Confirmed(A), ," ""rep gene""", 
5635, 10J, BBa_K627011, pSB1C3, --, OK, , Device,1, , , , , Long part(A), ," ""Fusion part of pBAD arabinose-inducible induction system and the HRV 14_3C protease""", 
5635, 10K, BBa_K624000, pSB1C3, --, OK, , Regulatory,1, iGEM11_NYMU-Taiwan, , , , Confirmed(A), ," ""ori+Pmsp1""", 
5635, 10L, BBa_K568001, pSB1C3, --, OK, , Composite,9, , , , , Inconsistent(A), ," ""Optogenetical AND-Gate red/blue light""", 
5635, 10M, BBa_K624004, pSB1C3, --, OK, , Coding,2, iGEM11_NYMU-Taiwan, , , , Confirmed(A), ," ""ori+Pmsp1+rep (pYMB essentials)""", 
5635, 10N, BBa_K592016, pSB1C3, --, OK, , Composite,4, , , , , Long part(A), ," ""B0034-YF1-B0034-FixJ  blue light sensor and RR with RBS """, 
5635, 10O, BBa_K581005, pSB1C3, --, OK, , RNA,1, iGEM11_Peking_Signaling, , , , Confirmed(A), ," ""Pc+sgrS(wt)+Terminator (small RNA regulator  conjugate part of ptsG(wt)) """, 
5635, 10P, BBa_K592018, pSB1C3, --, OK, , Composite,2, , , , , Long part(A), ," ""B0034-cph8""", 
5635, 11A, BBa_K516132, pSB1C3, --, OK," ""(wiki name: J101-E7)""", Measurement,5, iGEM11_UNIPV-Pavia, , , , Inconsistent(A), ," ""Constitutive promoter [J23101] with mRFP  RBS B0032""", 
5635, 11B, BBa_K797001, pSB1C3, --, OK, , Coding,1, iGEM12_Kyoto, , , , Confirmed(A), ," ""phage shock protein A: one of the components of out Tat cassette""", 
5635, 11C, BBa_K553003, pSB1C3, --, OK, , Composite,5, iGEM11_UNITS_TRIESTE, , , , Confirmed(A), ," ""constitutive production of LasR trans-activator""", 
5635, 11D, BBa_K914001, pSB1C3, --, OK, , Composite,1, iGEM12_Paris_Bettencourt, , , , Inconsistent(A), ," ""pLac Colicin E2 Immunity protein""", 
5635, 11E, BBa_K541501, pSB1C3, --, OK, , Regulatory,1, iGEM11_FAGEM, , , , Confirmed(A), ," ""Promoter Pveg  RBS spoVG and SacB signal peptide for B. subtilis""", 
5635, 11F, BBa_K914003, pSB1C3, --, OK, , Regulatory,1, iGEM12_Paris_Bettencourt, , , , Confirmed(A), ," ""L-rhamnose-inducible promoter (pRha)""", 
5635, 11G, BBa_K541502, pSB1C3, --, OK, , Regulatory,1, iGEM11_FAGEM, , , , Confirmed(A), ," ""Promoter Pveg  RBS spoVG and LipA signal peptide for B. subtilis""", 
5635, 11H, BBa_K914011, pSB1C3, --, OK, , Intermediate,1, iGEM12_Paris_Bettencourt, , , , Confirmed(A), ," ""supD-T - intermediate""", 
5635, 11I, BBa_K541503, pSB1C3, --, OK, , Regulatory,1, iGEM11_FAGEM, , , , Confirmed(A), ," ""Constitutive Strong promoter  Strong RBS and TAT signal peptide""", 
5635, 11J, BBa_K738002, pSB1C3, --, OK, , Generator,1, iGEM12_ZJU-China, , , , Confirmed(A), ," ""Theophyline riboswitch regulated RNA Scaffold (clover vision 2)""", 
5635, 11K, BBa_K541505, pSB1C3, --, OK, , Generator,1, iGEM11_FAGEM, , , , Confirmed(A), ," ""limulus anti-LPS factor (LALF)""", 
5635, 11L, BBa_K863206, pSB1C3, --, OK, , Other,1, iGEM12_Bielefeld-Germany, , , , Confirmed(A), ," ""Mating factor alpha 1 with Kozak sequence""", 
5635, 11M, BBa_K541506, pSB1C3, --, OK, , Generator,1, iGEM11_FAGEM, , , , Confirmed(A), ," ""Reflectin1A from Cephalopod""", 
5635, 11N, BBa_K875009, pSB1C3, --, OK, , Coding,1, iGEM12_Trieste, , , , Confirmed(A), ," ""LL 37 - Cathelicidin""", 
5635, 11O, BBa_K541526, pSB1C3, --, OK, , Device,2, iGEM11_FAGEM, , , , Confirmed(A), ," ""reflectin for b.subtilis with LipA signal peptide""", 
5635, 11P, BBa_K895000, pSB1C3, --, OK, , Regulatory,1, iGEM12_Dundee, , , , Confirmed(A), ," ""Eco_Ptat2""", 
5635, 12A, BBa_K581006, pSB1C3, --, OK, , RNA,1, iGEM11_Peking_Signaling, , , , Confirmed(A), ," ""Pc+ptsG(wt)-GFP (ptsG(wt) 5' UTR fused with gfp)""", 
5635, 12B, BBa_K592020, pSB1C3, --, OK, , Reporter,8, , , , , Long part(A), ," ""PFixK2-lambda C1-B0034-amilCP blue light sensor output""", 
5635, 12C, BBa_K581008, pSB1C3, --, , , Generator,4, iGEM11_Peking_Signaling, , , , Confirmed(A), ," ""RBS+ccdB+Termintor """, 
5635, 12D, BBa_K546000, pSB1C3, --, OK, , Signalling,10, , , , , Long part(A), ," ""Lux pL controlled LuxR with lux pR autoinducing LuxI(lva tag)- AHL.""", 
5635, 12E, BBa_K524001, pSB1C3, --, OK, , Reporter,1, iGEM11_HKUST, , , , Confirmed(A), ," ""pLac + RBS + split sfGFP 1-10""", 
5635, 12F, BBa_K546001, pSB1C3, --, OK, , Composite,10, , , , , Long part(A), ," ""Lux pL controlled luxR with lux pR controlled AHL degrading enzyme AiiA(lva tag). """, 
5635, 12G, BBa_K539421, pSB1C3, --, OK, , Generator,2, iGEM11_NCTU_Taiwan, , , , Confirmed(A), ," ""promoter (lacI regulated)+RNA thermometer """, 
5635, 12H, BBa_K641009, pSB1C3, --, OK, , Composite,1, , , , , Long part(A), ," ""P_rffGH.rbs.ToxR-Nhe1.{gsgsgs}{LambdaRep}""", 
5635, 12I, BBa_K539622, pSB1C3, --, OK, , Intermediate,2, iGEM11_NCTU_Taiwan, , , , Long part(A), ," ""a RBS (B0032)+ilvC""", 
5635, 12J, BBa_K517002, pSB1C3, --, OK, , Translational_Unit,1, , , , , Long part(A), ," ""alpha-pinene synthase""", 
5635, 12K, BBa_K539119, pSB1C3, --, OK, , Coding,1, iGEM11_NCTU_Taiwan, , , , Confirmed(A), ," ""crtY (lycopene cyclase)""", 
5635, 12L, BBa_K517003, pSB1C3, --, OK, , Translational_Unit,1, , , , , Long part(A), ," ""beta-pinene synthase """, 
5635, 12M, BBa_K649001, pSB1C3, --, OK, , Reporter,2, iGEM11_Tokyo_Tech, , , , Confirmed(A), ," ""GFP regulated by 3OC12-HSL and LasR""", 
5635, 12N, BBa_K517005, pSB1C3, --, OK, , Translational_Unit,1, iGEM11_Tokyo_Tech, , , , Long part(A), ," ""erg20-2""", 
5635, 12O, BBa_K519010, pSB1C3, --, OK, , Coding,1, iGEM11_Tokyo-NoKoGen, , , , Confirmed(A), ," ""SmtA""", 
5635, 12P, BBa_K577894, pSB1C3, --, OK, , Reporter,10, iGEM11_Tokyo-NoKoGen, , , , Inconsistent(A), ," ""TetR repressed YFP""", 
5635, 13A, BBa_K541596, pSB1C3, --, OK, , Device,3, iGEM11_FAGEM, , , , Inconsistent(A), ," ""Reflectin  gene with J04500 promoter """, 
5635, 13B, BBa_K895004, pSB1C3, --, OK, , Coding,1, iGEM12_Dundee, , , , Confirmed(A), ," ""Salty_Hcp-CD27_endolysin""", 
5635, 13C, BBa_K584001, pSB1C3, --, OK, , Composite,5, iGEM11_KULeuven, , , , Confirmed(A), ," ""Constitutive promoter + GFP generator""", 
5635, 13D, BBa_K861090, pSB1C3, --, OK, , Coding,1, iGEM12_WHU-China, , , , Confirmed(A), ," ""YhjH Gene From <i>E.coli str. K12</i>""", 
5635, 13E, BBa_K584002, pSB1C3, --, OK, , Composite,5, iGEM11_KULeuven, , , , Confirmed(A), ," ""pLac-Lux hybrid + GFP generator""", 
5635, 13F, BBa_K861172, pSB1C3, --, OK, , Generator,5, iGEM12_WHU-China, , , , Confirmed(A), ," "" lambda cI generator controlled by PcstA (glucose-repressible promoter)""", 
5635, 13G, BBa_K584003, pSB1C3, --, OK, , Composite,5, iGEM11_KULeuven, , , , Confirmed(A), ," ""Lambda cI and LuxR regulated - hybrid promoter + GFP generator""", 
5635, 13H, BBa_K861173, pSB1C3, --, OK, , Reporter,5, iGEM12_WHU-China, , , , Confirmed(A), ," ""mRFP generator controlled by  PcstA (glucose-repressible promoter)""", 
5635, 13I, BBa_K540001, pSB1C3, --, OK, , Regulatory,1, iGEM11_LYON-Biosciences_INSA_ENS, , , , Confirmed(A), ," ""rcn  cobalt-sensitive promoter""", 
5635, 13J, BBa_K741003, pSB1C3, --, OK," ""More than 1 ug in the tube.""", Generator,5, iGEM12_USTC-China, , , , Confirmed(A), ," ""pRM-RBS-GFP-T""", 
5635, 13K, BBa_K606013, pSB1C3, --, OK, , Translational_Unit,4, iGEM11_Paris_Bettencourt, , , , Confirmed(A), ," ""SpoVG RFPmCherry double terminator. Translational unit for B. Subtilis""", 
5635, 13L, BBa_K741006, pSB1C3, --, OK," ""More than 1 ug in the tube.""", Translational_Unit,4, iGEM12_USTC-China, , , , Confirmed(A), ," ""RBS-crogfp-T""", 
5635, 13M, BBa_K606048, pSB1C3, --, OK, , Generator,2, iGEM11_Paris_Bettencourt, , , , Confirmed(A), ," ""pHyperspank Tyrosine amber supressor tRNA""", 
5635, 13N, BBa_K822000, pSB1C3, --, OK, , Regulatory,1, iGEM12_NTNU_Trondheim, , , , Confirmed(A), ," ""lldPRD operon promoter + RBS from E. coli""", 
5635, 13O, BBa_K606053, pSB1C3, --, OK, , Intermediate,3, iGEM11_Paris_Bettencourt, , , , Confirmed(A), ," ""Tyrosine amber supressor tRNA double terminator""", 
5635, 13P, BBa_K822001, pSB1C3, --, OK, , Regulatory,1, iGEM12_NTNU_Trondheim, , , , Confirmed(A), ," ""ldhA promoter + RBS from Corynebacterium glutamicum""", 
5635, 14A, BBa_K598000, pSB1C3, --, OK, , Reporter,1, iGEM11_pku_riboclamp, , , , Confirmed(A), ," ""TPP Down-regulated Hammerhead Ribozyme 2.5 with Native RBS+E0040+B0015""", 
5635, 14B, BBa_K577895, pSB1C3, --, OK, , Reporter,10, iGEM11_pku_riboclamp, , , , Inconsistent(A), ," ""TetR repressed RFP""", 
5635, 14C, BBa_K598001, pSB1C3, --, OK, , Reporter,1, iGEM11_pku_riboclamp, , , , Confirmed(A), ," ""Theophylline Responsive Riboswitch 1G1 with Engineered RBS+GFP generator""", 
5635, 14D, BBa_K577893, pSB1C3, --, OK, , Reporter,10, iGEM11_pku_riboclamp, , , , Inconsistent(A), ," ""TetR repressed GFP""", 
5635, 14E, BBa_K598003, pSB1C3, --, OK, , RNA,1, iGEM11_pku_riboclamp, , , , Confirmed(A), ," ""TPP Down-regulated Hammerhead Ribozyme 2.5 with Native RBS""", 
5635, 14F, BBa_K577881, pSB1C3, --, OK, , Reporter,6, , , , , Long part(A), ," ""pC+AraC+pBad+GFPc""", 
5635, 14G, BBa_K598005, pSB1C3, --, OK, , RNA,1, iGEM11_pku_riboclamp, , , , Confirmed(A), ," ""Theophylline Responsive Riboswitch P1G1 with Native RBS""", 
5635, 14H, BBa_K530000, pSB1C3, --, OK, , Coding,1, , , , , Long part(A), ," ""CRTYB""", 
5635, 14I, BBa_K598006, pSB1C3, --, OK, , RNA,1, iGEM11_pku_riboclamp, , , , Confirmed(A), ," ""Theophylline Responsive Riboswitch 1G1 with Engineered RBS""", 
5635, 14J, BBa_K542004, pSB1C3, --, OK, , Device,10, , , , , Inconsistent(A), ," ""pLacI Regulated Lumazine Synthase with Transciptional Terminator and pBAD""", 
5635, 14K, BBa_K598007, pSB1C3, --, OK, , Reporter,1, iGEM11_pku_riboclamp, , , , Confirmed(A), ," ""Theophylline Responsive Riboswitch P1G1 with Native RBS+E0040+B0015""", 
5635, 14L, BBa_K575024, pSB1C3, --, OK, , Composite,6, , , , , Long part(A), ," ""LasR/PAI1 Inducible Promoter + RBS (B0030) + GFP  Constitutive Promoter + RBS (B0030) + LasR""", 
5635, 14M, BBa_K598008, pSB1C3, --, OK, , Reporter,1, iGEM11_pku_riboclamp, , , , Confirmed(A), ," ""TPP Up-regulated Hammerhead Ribozyme 1.20 with Native RBS+E0040+B0015""", 
5635, 14N, BBa_K575025, pSB1C3, --, OK, , Composite,6, , , , , Long part(A), ," ""LasR/PAI1 Inducible Promoter + RBS (B0030) + GFP  Constitutive Promoter + RBS (B0034) + LasR""", 
5635, 14O, BBa_K598009, pSB1C3, --, OK, , Device,1, iGEM11_pku_riboclamp, , , , Confirmed(A), ," ""pBAD+Theophylline Responsive Riboswitch P1G1 with Native RBS+E0040+B0015""", 
5635, 14P, BBa_K575026, pSB1C3, --, OK, , Composite,6, , , , , Long part(A), ," ""LasR/PAI1 Inducible Promoter + RBS (B0030) + RFP  Constitutive Promoter + RBS (B0030) + LasR	""", 
5635, 15A, BBa_K606061, pSB1C3, --, OK, , RBS,1, iGEM11_Paris_Bettencourt, , , , Confirmed(A), ," ""SpoVG Ribosome Binding Site (RBS) for B. subtilis""", 
5635, 15B, BBa_K863200, pSB1C3, --, OK, , Other,1, iGEM12_Bielefeld-Germany, , , , Confirmed(A), ," ""5' UTR site of alcohol oxidase 1 gene (aox1)""", 
5635, 15C, BBa_K606034, pSB1C3, --, OK, , RNA,1, iGEM11_Paris_Bettencourt, , , , Confirmed(A), ," ""Tyrosine amber supressor tRNA""", 
5635, 15D, BBa_K863201, pSB1C3, --, OK, , DNA,1, iGEM12_Bielefeld-Germany, , , , Confirmed(A), ," ""3' UTR site of alcohol oxidase 1 gene (aox1)""", 
5635, 15E, BBa_K606041, pSB1C3, --, OK, , Generator,4, iGEM11_Paris_Bettencourt, , , , Confirmed(A), ," ""pHyperspank Tyrosine amber supressor tRNA double terminator""", 
5635, 15F, BBa_K929301, pSB1C3, --, OK, , Reporter,1, iGEM12_Potsdam_Bioware, , , , Confirmed(A), ," ""Potsdam Standard Backbone""", 
5635, 15G, BBa_K606040, pSB1C3, --, OK, , Regulatory,1, iGEM11_Paris_Bettencourt, , , , Confirmed(A), ," ""Promoter Hyperspank B.subtilis & E.coli""", 
5635, 15H, BBa_K929302, pSB1C3, --, OK, , Coding,1, iGEM12_Potsdam_Bioware, , , , Confirmed(A), ," ""AID in Potsdam Standard""", 
5635, 15I, BBa_K553020, pSB1C3, --, OK, , Coding,1, iGEM11_UNITS_TRIESTE, , , , Confirmed(A), ," ""Mammaliam Secreted Beta Lactamase""", 
5635, 15J, BBa_K778000, pSB1C3, --, OK, , Regulatory,1, iGEM12_UT-Tokyo, , , , Confirmed(A), ," ""hycAp: Promoter of hyc operon activated by FhlA""", 
5635, 15K, BBa_K510022, pSB1C3, --, OK, , Other,1, iGEM11_UPO-Sevilla, , , , Confirmed(A), ," ""attTn7""", 
5635, 15L, BBa_K895006, pSB1C3, --, OK, , Reporter,1, iGEM12_Dundee, , , , Confirmed(A), ," ""GFP open reading frame""", 
5635, 15M, BBa_K510036, pSB1C3, --, OK, , Device,1, iGEM11_UPO-Sevilla, , , , Confirmed(A), ," ""Improved Flip Flop (Module II: asRNA)""", 
5635, 15N, BBa_K785000, pSB1C3, --, OK, , Coding,1, iGEM12_Fudan_Lux, , , , Confirmed(A), ," ""Lov-tetR (light sensor with Ptet repression) light->PtetO repressed""", 
5635, 15O, BBa_K592027, pSB1C3, --, OK," ""BBa_S04615""", Measurement,3, iGEM11_Uppsala-Sweden, , , , Confirmed(A), ," ""T5-lac promoter-B0032-BFP""", 
5635, 15P, BBa_K801039, pSB1C3, --, OK, , Coding,1, iGEM12_TU_Munich, , , , Confirmed(A), ," ""SV40NLS-GAL4AD-linker-PIF3 (part for GAL4/LexA based light-switchable promoter system)""", 
5635, 16A, BBa_K598010, pSB1C3, --, OK, , Device,1, iGEM11_pku_riboclamp, , , , Confirmed(A), ," ""pBAD+Theophylline Responsive Riboswitch 1G1 with Engineered RBS+E0040+B0015""", 
5635, 16B, BBa_K575027, pSB1C3, --, OK, , Composite,6, , , , , Long part(A), ," ""LasR/PAI1 Inducible Promoter + RBS (B0030) + RFP  Constitutive Promoter + RBS (B0034) + LasR	""", 
5635, 16C, BBa_K598011, pSB1C3, --, OK, , Device,1, iGEM11_pku_riboclamp, , , , Confirmed(A), ," ""pBAD+TPP Down-regulated Hammerhead Ribozyme 2.5 with Native RBS+E0040+B0015""", 
5635, 16D, BBa_K575029, pSB1C3, --, OK, , Composite,6, , , , , Long part(A), ," ""LasR/PAI1 Inducible Promoter + RBS (B0034) + GFP  Constitutive Promoter + RBS (B0034) + LasR	""", 
5635, 16E, BBa_K598012, pSB1C3, --, OK, , Device,1, iGEM11_pku_riboclamp, , , , Confirmed(A), ," ""pBAD+TPP Up-regulated Hammerhead Ribozyme 1.20 with Native RBS+E0040+B0015""", 
5635, 16F, BBa_K575031, pSB1C3, --, OK, , Composite,6, , , , , Long part(A), ," ""LasR/PAI1 Inducible Promoter + RBS (B0034) + RFP  Constitutive Promoter + RBS (B0034) + LasR	""", 
5635, 16G, BBa_K567013, pSB1C3, --, OK, , Translational_Unit,1, iGEM11_SJTU-BioX-Shanghai, , , , Inconsistent(A), ," ""tRNA(Asp)-TAG""", 
5635, 16H, BBa_K575032, pSB1C3, --, OK, , Composite,6, iGEM11_Northwestern, , , , Long part(A), ," ""RhlR/PAI2 Inducible Promoter + RBS (B0030) + GFP + Constitutive Promoter + RBS (B0030) + RhlR""", 
5635, 16I, BBa_K567016, pSB1C3, --, OK, , Translational_Unit,1, iGEM11_SJTU-BioX-Shanghai, , , , Confirmed(A), ," ""metY-CGA""", 
5635, 16J, BBa_K575033, pSB1C3, --, OK, , Composite,6, iGEM11_Northwestern, , , , Long part(A), ," ""RhlR/PAI2 Inducible Promoter + RBS (B0030) + GFP + Constitutive Promoter + RBS (B0034) + RhlR""", 
5635, 16K, BBa_K543020, pSB1C3, --, OK, , Conjugation,5, iGEM11_Tokyo_Metropolitan, , , , Confirmed(A), ," ""OriTr-GFP""", 
5635, 16L, BBa_K575036, pSB1C3, --, OK, , Composite,6, iGEM11_Northwestern, , , , Long part(A), ," ""RhlR/PAI2 Inducible Promoter + RBS (B0034) + GFP + Constitutive Promoter + RBS (B0030) + RhlR""", 
5635, 16M, BBa_K649001, pSB1C3, --, OK, , Reporter,2, iGEM11_Tokyo_Tech, , , , Confirmed(A), ," ""GFP regulated by 3OC12-HSL and LasR""", 
5635, 16N, BBa_K575037, pSB1C3, --, OK, , Composite,6, iGEM11_Northwestern, , , , Long part(A), ," ""RhlR/PAI2 Inducible Promoter + RBS (B0034) + GFP + Constitutive Promoter + RBS (B0034) + RhlR""", 
5635, 16O, BBa_K574004, pSB1C3, --, OK, , Signalling,4, iGEM11_Tsinghua_auto, , , , Confirmed(A), ," ""3OC12HSL regulated by TetR""", 
5635, 16P, BBa_K575038, pSB1C3, --, OK, , Composite,6, iGEM11_Northwestern, , , , Long part(A), ," ""RhlR/PAI2 Inducible Promoter + RBS (B0034) + RFP + Constitutive Promoter + RBS (B0030) + RhlR""", 
5635, 17A, BBa_K592029, pSB1C3, --, OK," ""Sequence verified before cloning into pSB1C3""", Measurement,3, iGEM11_Uppsala-Sweden, , , , Inconsistent(A), ," ""PcpcG2-B0034-BFP green light sensor output""", 
5635, 17B, BBa_K864100, pSB1C3, --, OK, , Coding,1, iGEM12_Uppsala, , , , Confirmed(A), ," ""Super Yellow Fluorescent Protein 2 (SYFP2)""", 
5635, 17C, BBa_K592024, pSB1C3, --, OK, , Reporter,2, iGEM11_Uppsala-Sweden, , , , Confirmed(A), ," ""B0034-BFP""", 
5635, 17D, BBa_K864600, pSB1C3, --, OK, , Terminator,1, iGEM12_Uppsala, , , , Confirmed(A), ," ""T0 (21 imm) transcriptional terminator""", 
5635, 17E, BBa_S04614, pSB1C3, --, OK," ""Sequence verified before cloning into pSB1C3""", Intermediate,2, iGEM11_Uppsala-Sweden, , , , Confirmed(A), ," ""B0034:K592002""", 
5635, 17F, BBa_K864201, pSB1C3, --, OK, , Coding,1, iGEM12_Uppsala, , , , Confirmed(A), ," ""LexA SOS response repressor""", 
5635, 17G, BBa_K592026, pSB1C3, --, OK," ""Sequence verified before cloning into pSB1C3""", Measurement,3, iGEM11_Uppsala-Sweden, , , , Inconsistent(A), ," ""J23101-B0032-BFP""", 
5635, 17H, BBa_K864400, pSB1C3, --, OK, , Regulatory,1, iGEM12_Uppsala, , , , Confirmed(A), ," ""Ptac  trp & lac regulated promoter""", 
5635, 17I, BBa_K592023, pSB1C3, --, OK, , Reporter,2, iGEM11_Uppsala-Sweden, , , , Confirmed(A), ," ""B0032-BFP""", 
5635, 17J, BBa_K864202, pSB1C3, --, OK, , Coding,1, iGEM12_Uppsala, , , , Confirmed(A), ," ""MarR(G95S) super-repressor""", 
5635, 17K, BBa_K592008, pSB1C3, --, OK, , Regulatory,1, iGEM11_Uppsala-Sweden, , , , Confirmed(A), ," ""T5-lac Promoter""", 
5635, 17L, BBa_K864203, pSB1C3, --, OK, , Coding,1, iGEM12_Uppsala, , , , Bad Sequencing(A), ," ""LexA3 super-repressor""", 
5635, 17M, BBa_S04616, pSB1C3, --, OK, , Intermediate,2, iGEM11_Uppsala-Sweden, , , , Confirmed(A), ," ""B0034:K592004""", 
5635, 17N, BBa_K864204, pSB1C3, --, OK, , Coding,1, iGEM12_Uppsala, , , , Confirmed(A), ," ""OmpF""", 
5635, 17O, BBa_S04617, pSB1C3, --, OK, , Intermediate,6, iGEM11_Uppsala-Sweden, , , , Confirmed(A), ," ""K592006:Q04510""", 
5635, 17P, BBa_K864440, pSB1C3, --, OK, , RNA,1, iGEM12_Uppsala, , , , Confirmed(A), ," ""Small RNA spot42 """, 
5635, 18A, BBa_K574007, pSB1C3, --, OK, , Composite,3, iGEM11_Tsinghua_auto, , , , Confirmed(A), ," ""lasR + TT""", 
5635, 18B, BBa_K575039, pSB1C3, --, OK, , Composite,6, iGEM11_Northwestern, , , , Long part(A), ," ""RhlR/PAI2 Inducible Promoter + RBS (B0034) + RFP + Constitutive Promoter + RBS (B0034) + RhlR""", 
5635, 18C, BBa_K518012, pSB1C3, --, OK, , Reporter,4, iGEM11_UT-Tokyo, , , , Confirmed(A), ," ""RBS + RFP + d.Ter""", 
5635, 18D, BBa_K575040, pSB1C3, --, OK, , Composite,3, iGEM11_Northwestern, , , , Confirmed(A), ," ""Genomic LasR/PAI1 Inducible Promoter + RBS (B0034) + GFP""", 
5635, 18E, BBa_K561001, pSB1C3, --, OK, , Regulatory,1, iGEM11_ZJU, , , , Confirmed(A), ," ""vgb promoter  microaerobic""", 
5635, 18F, BBa_K575044, pSB1C3, --, OK, , Composite,6, iGEM11_Northwestern, , , , Long part(A), ," ""Genomic LasR/PAI1 Inducible Promoter + RBS (B0034) + GFP  Cons. Promoter + RBS (B0030) + LasR""", 
5635, 18G, BBa_K629003, pSB1C3, --, OK," ""In our second  shipment.""", Coding,1, iGEM11_SYSU-China, , , , Confirmed(A), ," ""cheZ  chemotaxis regulator  protein phosphatase for CheY""", 
5635, 18H, BBa_K575045, pSB1C3, --, OK, , Composite,6, iGEM11_Northwestern, , , , Inconsistent(A), ," ""Genomic LasR/PAI1 Inducible Promoter + RBS (B0034) + GFP  Cons. Promoter + RBS (B0030) + LasR""", 
5635, 18I, BBa_K594001, pSB1C3, --, OK," ""100% correct""", Coding,1, iGEM11_OUC, , , , Confirmed(A), ," ""a luxI homologous AHL synthetase from Sinorhizobium meliloti 1021""", 
5635, 18J, BBa_K590027, pSB1C3, --, OK, , Composite,4, iGEM11_Washington, , , , Long part(A), ," ""AAR-PSB1C3-High consititutive""", 
5635, 18K, BBa_K594005, pSB1C3, --, OK," ""This part has been sent to sequencing center but no result comes out still.""", Coding,1, iGEM11_OUC, , , , Confirmed(A), ," ""a luxI homologous AHL synthetase from Rhzobium leguminosarum bv. vicae IMA57""", 
5635, 18L, BBa_K590030, pSB1C3, --, OK, , Composite,8, iGEM11_Washington, , , , Long part(A), ," ""DrR-FabH2-PSB1C3-High constitutive""", 
5635, 18M, BBa_K594007, pSB1C3, --, OK," ""This part has been sent to sequencing center but no result comes out still. """, Coding,1, iGEM11_OUC, , , , Confirmed(A), ," ""a luxI homologous AHL synthetase from Rhzobium etli CFN 42""", 
5635, 18N, BBa_K590053, pSB1C3, --, OK, , Composite,6, iGEM11_Washington, , , , Long part(A), ," ""RrD_PSB1C3-High constitutive""", 
5635, 18O, BBa_K594008, pSB1C3, --, OK," ""This part has been sent to sequencing center but no result comes out still.""", Coding,1, iGEM11_OUC, , , , Confirmed(A), ," ""a luxR-type regulator from Rhizobium etli CFN42""", 
5635, 18P, BBa_K590054, pSB1C3, --, OK, , Composite,6, iGEM11_Washington, , , , Long part(A), ," ""RrD_N25M-PSB1C3-High constitutive""", 
5635, 19A, BBa_K592002, pSB1C3, --, OK, , Coding,1, iGEM11_Uppsala-Sweden, , , , Confirmed(A), ," ""ccaR""", 
5635, 19B, BBa_K864101, pSB1C3, --, OK, , Composite,2, iGEM12_Uppsala, , , , Confirmed(A), ," ""B0032-SYFP2""", 
5635, 19C, BBa_K592025, pSB1C3, --, OK, , Reporter,2, iGEM11_Uppsala-Sweden, , , , Confirmed(A), ," ""B0034-amilCP""", 
5635, 19D, BBa_K864102, pSB1C3, --, OK, , Composite,2, iGEM12_Uppsala, , , , Confirmed(A), ," ""B0034-SYFP2""", 
5635, 19E, BBa_K592009, pSB1C3, --, OK, , Coding,1, iGEM11_Uppsala-Sweden, , , , Confirmed(A), ," ""amilCP  blue chromoprotein""", 
5635, 19F, BBa_K774007, pSB1C3, --, OK, , Reporter,4, iGEM12_NRP_UEA-Norwich, , , , Single error(A), ," ""Mammalian-Bacterial promoter with RFP reporter: CArG promoter sequence + BBaK216005 + BBa_K08101""", 
5635, 19G, BBa_K592006, pSB1C3, --, OK, , Regulatory,1, iGEM11_Uppsala-Sweden, , , , Confirmed(A), ," ""FixK2 promoter""", 
5635, 19H, BBa_K774006, pSB1C3, --, OK, , Reporter,5, iGEM12_NRP_UEA-Norwich, , , , Confirmed(A), ," ""Mammalian-Bacterial promoter with eCFP reporter: CArG promoter sequence + BBaK216005 + BBa_E0420""", 
5635, 19I, BBa_K592100, pSB1C3, --, OK, , Coding,1, iGEM11_Uppsala-Sweden, , , , Confirmed(A), ," ""Blue Fluorescent Protein (mTagBFP)""", 
5635, 19J, BBa_K774004, pSB1C3, --, OK, , Reporter,5, iGEM12_NRP_UEA-Norwich, , , , Confirmed(A), ," ""Bacterial-Mammalian promoter with eCFP reporter: BBaK216005 + CArG promoter sequence + BBa_E0420 """, 
5635, 19K, BBa_K592004, pSB1C3, --, OK, , Coding,1, iGEM11_Uppsala-Sweden, , , , Confirmed(A), ," ""YF1 blue-light sensor protein""", 
5635, 19L, BBa_K838000, pSB1C3, --, OK, , Coding,1, iGEM12_EPF-Lausanne, , , , Confirmed(A), ," ""Mammalian LovTAP-VP16""", 
5635, 19M, BBa_K546003, pSB1C3, --, OK, , Signalling,6, iGEM11_Wageningen_UR, , , , Confirmed(A), ," ""Lux pL controlled LuxR + lux pR promoter.""", 
5635, 19N, BBa_K805015, pSB1C3, --, OK, , Coding,1, iGEM12_HUST-China, , , , Confirmed(A), ," ""CsgD  the master regulator of biofilm formation""", 
5635, 19O, BBa_K530005, pSB1C3, --, OK, , Regulatory,1, iGEM11_Johns_Hopkins, , , , Confirmed(A), ," ""BAP2 Yeast Promoter""", 
5635, 19P, BBa_K805016, pSB1C3, --, OK, , Composite,4, iGEM12_HUST-China, , , , Confirmed(A), ," ""LuxI""", 
5635, 20A, BBa_K823000, pSB1C3, --, OK, , Regulatory,1, iGEM12_LMU-Munich, , , , Confirmed(A), ," ""P<sub>liaG</sub>""", 
5635, 20B, BBa_K590056, pSB1C3, --, OK, , Composite,6, iGEM11_Washington, , , , Long part(A), ," ""RrD_C70K-PSB1C3-High constitutive""", 
5635, 20C, BBa_K823001, pSB1C3, --, OK, , Regulatory,1, iGEM12_LMU-Munich, , , , Confirmed(A), ," ""P<sub><i>liaI</i></sub> promoter of <i>Bacillus subtilis</i>""", 
5635, 20D, BBa_K590057, pSB1C3, --, OK, , Composite,6, iGEM11_Washington, , , , Long part(A), ," ""RrD_Y21W-PSB1C3-High constitutive""", 
5635, 20E, BBa_K823002, pSB1C3, --, OK, , Regulatory,1, iGEM12_LMU-Munich, , , , Confirmed(A), ," ""P<sub>lepA</sub>""", 
5635, 20F, BBa_K611012, pSB1C3, --, OK, , Composite,7, iGEM11_UC_Davis, , , , Long part(A), ," ""pTet Characterization Construct""", 
5635, 20G, BBa_K823003, pSB1C3, --, OK, , Regulatory,1, iGEM12_LMU-Munich, , , , Confirmed(A), ," ""P<sub>veg</sub>""", 
5635, 20H, BBa_K611013, pSB1C3, --, OK, , Composite,7, iGEM11_UC_Davis, , , , Long part(A), ," ""pLacI Characterization Construct""", 
5635, 20I, BBa_K823004, pSB1C3, --, OK, , Regulatory,1, iGEM12_LMU-Munich, , , , Confirmed(A), ," ""Anderson promoter J23100""", 
5635, 20J, BBa_K611014, pSB1C3, --, OK, , Composite,7, iGEM11_UC_Davis, , , , Long part(A), ," ""cI Repressible Promoter Characterization Construct""", 
5635, 20K, BBa_K823005, pSB1C3, --, OK, , Regulatory,1, iGEM12_LMU-Munich, , , , Confirmed(A), ," ""Anderson promoter J23101""", 
5635, 20L, BBa_K611016, pSB1C3, --, OK, , Composite,8, iGEM11_UC_Davis, , , , Long part(A), ," ""LacI Repressor and Promoter Wild Type Control""", 
5635, 20M, BBa_K823006, pSB1C3, --, OK, , Regulatory,1, iGEM12_LMU-Munich, , , , Confirmed(A), ," ""Anderson promoter J23102""", 
5635, 20N, BBa_K611059, pSB1C3, --, OK, , Composite,8, iGEM11_UC_Davis, , , , Long part(A), ," ""pTet Promoter Variant #9 in Characterization Construct""", 
5635, 20O, BBa_K823007, pSB1C3, --, OK, , Regulatory,1, iGEM12_LMU-Munich, , , , Confirmed(A), ," ""Anderson promoter J23103""", 
5635, 20P, BBa_K642000, pSB1C3, --, OK, , Coding,1, iGEM11_uOttawaCA, , , , Long part(A), ," ""TetR repressor tagged with yBFP """, 
5635, 21A, BBa_K530014, pSB1C3, --, OK, , Terminator,1, iGEM11_Johns_Hopkins, , , , Confirmed(A), ," ""KRE9 Yeast UTR""", 
5635, 21B, BBa_K886000, pSB1C3, --, OK, , DNA,1, iGEM12_USP_UNESP_Brazil, , , , Confirmed(A), ," ""Fixed lox71 """, 
5635, 21C, BBa_K530008, pSB1C3, --, OK, , Regulatory,1, iGEM11_Johns_Hopkins, , , , Confirmed(A), ," ""TDH3 Yeast Promoter""", 
5635, 21D, BBa_K851002, pSB1C3, --, OK, , Regulatory,1, iGEM12_UNAM_Genomics_Mexico, , , , Confirmed(A), ," ""pBAD-pXyl AND Gate""", 
5635, 21E, BBa_K554001, pSB1C3, --, OK, , Regulatory,1, iGEM11_Brazil-France, , , , Confirmed(A), ," ""flhDC promoter""", 
5635, 21F, BBa_K792009, pSB1C3, --, OK, , Generator,4, iGEM12_Buenos_Aires, , , , Confirmed(A), ," ""Yeast exportable His-rich peptide w/enhanced import (1)""", 
5635, 21G, BBa_K554002, pSB1C3, --, OK, , Coding,1, iGEM11_Brazil-France, , , , Confirmed(A), ," ""HlyA secretion signal peptide""", 
5635, 21H, BBa_K778003, pSB1C3, --, OK, , DNA,1, iGEM12_UT-Tokyo, , , , Confirmed(A), ," ""ArgR binding sites &#65288;including 8 binding sites&#65289;""", 
5635, 21I, BBa_K554003, pSB1C3, --, OK, , Coding,1, iGEM11_Brazil-France, , , , Confirmed(A), ," ""SoxR""", 
5635, 21J, BBa_K805012, pSB1C3, --, OK, , Coding,1, iGEM12_HUST-China, , , , Long part(A), ," ""Ruxyn1""", 
5635, 21K, BBa_K554004, pSB1C3, --, OK, , Coding,1, iGEM11_Brazil-France, , , , Confirmed(A), ," ""IL10""", 
5635, 21L, BBa_K805013, pSB1C3, --, , , Coding,1, iGEM12_HUST-China, , , , Confirmed(A), ," ""CcdB""", 
5635, 21M, BBa_K554000, pSB1C3, --, OK, , Regulatory,1, iGEM11_Brazil-France, , , , Confirmed(A), ," ""SoxS promoter""", 
5635, 21N, BBa_K737017, pSB1C3, --, OK, , Coding,1, iGEM12_OUC-China, , , , Confirmed(A), ," ""This part conteins gvpC-20psi protein""", 
5635, 21O, BBa_K554009, pSB1C3, --, OK, , Coding,1, iGEM11_Brazil-France, , , , Confirmed(A), ," ""TolC""", 
5635, 21P, BBa_K747096, pSB1C3, --, OK, , Regulatory,1, iGEM12_Freiburg, , , , Confirmed(A), ," ""CMV-promoter""", 
5635, 22A, BBa_K823008, pSB1C3, --, OK, , Regulatory,1, iGEM12_LMU-Munich, , , , Confirmed(A), ," ""Anderson promoter J23106""", 
5635, 22B, BBa_K642002, pSB1C3, --, OK, , Coding,1, iGEM11_uOttawaCA, , , , Long part(A), ," ""cI repressor tagged with yBFP""", 
5635, 22C, BBa_K823009, pSB1C3, --, OK, , Regulatory,1, iGEM12_LMU-Munich, , , , Confirmed(A), ," ""Anderson promoter J23107""", 
5635, 22D, BBa_K624001, pSB1C3, --, OK, , Coding,5, iGEM11_NYMU-Taiwan, , , , Long part(A), ," ""tetR+RBS+GFP+ter""", 
5635, 22E, BBa_K823010, pSB1C3, --, OK, , Regulatory,1, iGEM12_LMU-Munich, , , , Confirmed(A), ," ""Anderson promoter J23113""", 
5635, 22F, BBa_K581012, pSB1C3, --, OK, , Coding,1, iGEM11_Peking_Signaling, , , , Long part(A), ," ""pqrr-rbs-T7ptag-terminator""", 
5635, 22G, BBa_K823011, pSB1C3, --, OK, , Regulatory,1, iGEM12_LMU-Munich, , , , Confirmed(A), ," ""Anderson promoter J23114""", 
5635, 22H, BBa_K539623, pSB1C3, --, OK, , Intermediate,2, iGEM11_NCTU_Taiwan, , , , Confirmed(A), ," ""a RBS (B0034)+ilvC""", 
5635, 22I, BBa_K823012, pSB1C3, --, OK, , Regulatory,1, iGEM12_LMU-Munich, , , , Confirmed(A), ," ""Anderson promoter J23115""", 
5635, 22J, BBa_K539626, pSB1C3, --, OK, , Intermediate,2, iGEM11_NCTU_Taiwan, , , , Long part(A), ," ""a RBS (B0034)+ilvD""", 
5635, 22K, BBa_K823013, pSB1C3, --, OK, , Regulatory,1, iGEM12_LMU-Munich, , , , Confirmed(A), ," ""Anderson promoter J23117""", 
5635, 22L, BBa_K539642, pSB1C3, --, OK, , Intermediate,4, iGEM11_NCTU_Taiwan, , , , Long part(A), ," ""a RBS (B0030)+ilvC with a RBS (B0030)+ilvD""", 
5635, 22M, BBa_K823014, pSB1C3, --, OK, , Regulatory,1, iGEM12_LMU-Munich, , , , Confirmed(A), ," ""Anderson promoter J23118""", 
5635, 22N, BBa_K539641, pSB1C3, --, OK, , Intermediate,4, iGEM11_NCTU_Taiwan, , , , Long part(A), ," ""a RBS (B0032)+ilvC with a RBS (B0032)+ilvD""", 
5635, 22O, BBa_K774000, pSB1C3, --, OK, , Regulatory,1, iGEM12_NRP_UEA-Norwich, , , , Confirmed(A), ," ""Bacterial-Mammalian Promoter: BBaK216005 + BHN + CArG promoter sequence E9-ns2""", 
5635, 22P, BBa_K539643, pSB1C3, --, OK, , Intermediate,4, iGEM11_NCTU_Taiwan, , , , Long part(A), ," ""a RBS (B0034)+ilvC with a RBS (B0034)+ilvD""", 
5635, 23A, BBa_K517000, pSB1C3, --, OK, , Regulatory,1, iGEM11_British_Columbia, , , , Confirmed(A), ," ""GAL galactose-inducible yeast promoter""", 
5635, 23B, BBa_K143012, pSB1C3, --, OK," ""there were no samples of this part so we are sending it. """, Regulatory,1, iGEM12_UNAM_Genomics_Mexico, , , , Confirmed(A), ," ""Promoter veg  a constitutive promoter for B. subtilis""", 
5635, 23C, BBa_K517001, pSB1C3, --, OK, , Regulatory,1, iGEM11_British_Columbia, , , , Confirmed(A), ," ""GPD constitutive yeast promoter""", 
5635, 23D, BBa_K813000, pSB1C3, --, OK," ""YAP1- Yeast Genomic IRES""", Other,1, iGEM12_UTK_BigOrange, , , , Confirmed(A), ," ""YAP1 - Yeast Genomic IRES """, 
5635, 23E, BBa_K656010, pSB1C3, --, OK," ""promoter specific to cyanobacteria (Anabaena)""", Regulatory,1, iGEM11_Brown-Stanford, , , , Confirmed(A), ," ""Anabaena pSac Promoter """, 
5635, 23F, BBa_K813001, pSB1C3, --, OK," ""URE2- Yeast Genomic IRES""", Other,1, iGEM12_UTK_BigOrange, , , , Confirmed(A), ," ""URE2 - Yeast Genomic IRES""", 
5635, 23G, BBa_K577006, pSB1C3, --, OK, , Reporter,5, iGEM11_BU_Wellesley_Software, , , , Confirmed(A), ," ""YFP Coding Device """, 
5635, 23H, BBa_K813002, pSB1C3, --, OK," ""HAP4- Yeast Genomic IRES""", Other,1, iGEM12_UTK_BigOrange, , , , Confirmed(A), ," ""HAP4 - Yeast Genomic IRES""", 
5635, 23I, BBa_K577004, pSB1C3, --, OK, , Reporter,5, iGEM11_BU_Wellesley_Software, , , , Single error(A), ," ""RFP Coding Device""", 
5635, 23J, BBa_K576004, pSB1C3, --, OK, , RNA,1, iGEM12_Waterloo, , , , Confirmed(A), ," ""Right Part of Self-Excising Ribozyme""", 
5635, 23K, BBa_K620000, pSB1C3, --, OK, , Coding,1, iGEM11_Caltech, , , , Confirmed(A), ," ""DDT Dehydrochlorinase""", 
5635, 23L, BBa_K576006, pSB1C3, --, OK, , Reporter,3, iGEM12_Waterloo, , , , Confirmed(A), ," ""GFP2-Transcription Terminator""", 
5635, 23O, BBa_J04450, pSB1C3, --, OK, , Reporter,5, iGEM12_Waterloo, , , , Confirmed(A), ," ""RFP Coding Device""", 
5635, 23P, BBa_J04450, pSB1C3, --, OK, , Reporter,5, iGEM12_Waterloo, , , , Confirmed(A), ," ""RFP Coding Device""", 
5635, 24A, BBa_J04450, pSB1C3, --, OK," "" """, Reporter,5, iGEM12_Waterloo, , , , Confirmed(A), ," ""RFP Coding Device""", 
5635, 24B, BBa_K539651, pSB1C3, --, OK, , Generator,5, iGEM11_NCTU_Taiwan, , , , Long part(A), ," ""promoter (lacI regulated) + a RBS (B0032)+Alss with a RBS (B0030)+ilvC""", 
5635, 24C, BBa_K847061, pSB1C3, --, OK," ""otsB""", Coding,1, iGEM12_Stanford-Brown, , , , Confirmed(A), ," ""''Escherichia coli'' osmoregulatory trehalose synthesis B (otsB)""", 
5635, 24D, BBa_K539672, pSB1C3, --, OK, , Generator,7, iGEM11_NCTU_Taiwan, , , , Long part(A), ," ""promoter (lacI regulated)+RBS+Alss with a RBS (B0032)+ilvC+a RBS (B0032)+ilvD""", 
5635, 24E, BBa_K847004, pSB1C3, --, OK," ""SodCuZn""", Coding,1, iGEM12_Stanford-Brown, , , , Confirmed(A), ," ""''Deinococcus radiodurans'' Superoxide dismutase  SodCu/Zn""", 
5635, 24F, BBa_K539621, pSB1C3, --, OK, , Intermediate,2, iGEM11_NCTU_Taiwan, , , , Long part(A), ," ""a RBS (B0030)+ilvC""", 
5635, 24G, BBa_K731000, pSB1C3, --, OK, , Coding,1, iGEM12_TRENTO, , , , Confirmed(A), ," ""CysE (Serine Acetyltransferase)""", 
5635, 24H, BBa_K539627, pSB1C3, --, OK, , Intermediate,2, iGEM11_NCTU_Taiwan, , , , Long part(A), ," ""a RBS (B0032)+Alss""", 
5635, 24I, BBa_K731010, pSB1C3, --, OK, , Coding,1, iGEM12_TRENTO, , , , Confirmed(A), ," ""M256I CysE (Serine Acetyltransferase)""", 
5635, 24J, BBa_K539731, pSB1C3, --, OK, , Generator,3, iGEM11_NCTU_Taiwan, , , , Long part(A), ," ""kivd (alpha-ketoisovalerate decarboxylase) under TetR repressible promoter""", 
5635, 24K, BBa_K731721, pSB1C3, --, OK, , Terminator,1, iGEM12_TRENTO, , , , Confirmed(A), ," ""T7 terminator""", 
5635, 24L, BBa_K539742, pSB1C3, --, OK, , Composite,5, iGEM11_NCTU_Taiwan, , , , Long part(A), ," ""TetR repressible promoter (BBa_R0040)+ kivd (alpha-ketoisovalerate decarboxylase)+Ter (BBa_B0015)""", 
5635, 24O, BBa_J04450, pSB1C3, --, OK, , Reporter,5, iGEM11_NCTU_Taiwan, , , , Confirmed(A), ," ""RFP Coding Device""", 
5635, 24P, BBa_J04450, pSB1C3, --, OK, , Reporter,5, iGEM11_NCTU_Taiwan, , , , Confirmed(A), ," ""RFP Coding Device""", 
